call_id,timestamp,route,destination,status,duration_seconds,pdd_seconds,packet_loss_percent,latency_ms,rbt_status,sip_code
CALL-00001,2026-05-01T12:07:40,ROUTE_IT_04,Italy-Fixed,answered,337,7.29,2.93,149.41,present,200
CALL-00002,2026-05-01T12:07:58,ROUTE_FR_03,France-Mobile,answered,258,4.04,1.91,129.45,present,200
CALL-00003,2026-05-01T12:08:16,ROUTE_IT_04,Italy-Fixed,busy,0,8.71,4.26,103.82,present,486
CALL-00004,2026-05-01T12:08:34,ROUTE_IT_04,Italy-Fixed,answered,459,7.35,3.11,201.16,present,200
CALL-00005,2026-05-01T12:08:52,ROUTE_ES_05,Spain-Mobile,failed,0,3.0,1.11,115.29,present,503
CALL-00006,2026-05-01T12:09:10,ROUTE_IT_04,Italy-Fixed,failed,0,6.42,1.71,193.52,present,503
CALL-00007,2026-05-01T12:09:28,ROUTE_UK_01,UK-Mobile,answered,528,6.1,1.15,113.51,present,200
CALL-00008,2026-05-01T12:09:46,ROUTE_FR_03,France-Mobile,answered,133,5.13,0.83,138.4,present,200
CALL-00009,2026-05-01T12:10:04,ROUTE_FR_03,France-Mobile,answered,26,5.33,0.79,132.72,missing,200
CALL-00010,2026-05-01T12:10:22,ROUTE_FR_03,France-Mobile,answered,580,3.51,1.64,109.41,present,200
CALL-00011,2026-05-01T12:10:40,ROUTE_UK_01,UK-Mobile,answered,137,4.1,0.52,179.25,present,200
CALL-00012,2026-05-01T12:10:58,ROUTE_FR_03,France-Mobile,failed,0,6.8,2.02,90.71,present,503
CALL-00013,2026-05-01T12:11:16,ROUTE_IT_04,Italy-Fixed,failed,0,5.33,1.91,169.58,present,503
CALL-00014,2026-05-01T12:11:34,ROUTE_IT_04,Italy-Fixed,answered,334,8.19,4.16,203.44,present,200
CALL-00015,2026-05-01T12:11:52,ROUTE_DE_02,Germany-Fixed,answered,47,3.32,0.7,43.51,present,200
CALL-00016,2026-05-01T12:12:10,ROUTE_DE_02,Germany-Fixed,answered,510,1.69,1.17,38.64,present,200
CALL-00017,2026-05-01T12:12:28,ROUTE_IT_04,Italy-Fixed,no_answer,0,9.31,3.77,242.17,present,408
CALL-00018,2026-05-01T12:12:46,ROUTE_ES_05,Spain-Mobile,answered,179,3.46,0.33,85.53,present,200
CALL-00019,2026-05-01T12:13:04,ROUTE_DE_02,Germany-Fixed,answered,102,1.19,0.05,44.18,present,200
CALL-00020,2026-05-01T12:13:22,ROUTE_FR_03,France-Mobile,no_answer,0,6.75,2.12,82.05,present,408
CALL-00021,2026-05-01T12:13:40,ROUTE_IT_04,Italy-Fixed,failed,0,7.43,1.07,207.15,present,503
CALL-00022,2026-05-01T12:13:58,ROUTE_FR_03,France-Mobile,no_answer,0,4.61,0.82,50.3,present,408
CALL-00023,2026-05-01T12:14:16,ROUTE_ES_05,Spain-Mobile,answered,334,4.38,1.48,53.06,present,200
CALL-00024,2026-05-01T12:14:34,ROUTE_DE_02,Germany-Fixed,failed,0,3.78,0.29,46.99,present,503
CALL-00025,2026-05-01T12:14:52,ROUTE_FR_03,France-Mobile,answered,38,3.13,1.7,110.41,missing,200
CALL-00026,2026-05-01T12:15:10,ROUTE_UK_01,UK-Mobile,answered,397,5.27,0.38,95.28,missing,200
CALL-00027,2026-05-01T12:15:28,ROUTE_FR_03,France-Mobile,no_answer,0,5.32,0.82,112.35,present,408
CALL-00028,2026-05-01T12:15:46,ROUTE_IT_04,Italy-Fixed,answered,275,10.29,1.83,210.07,present,200
CALL-00029,2026-05-01T12:16:04,ROUTE_FR_03,France-Mobile,answered,446,5.79,1.31,124.12,missing,200
CALL-00030,2026-05-01T12:16:22,ROUTE_ES_05,Spain-Mobile,answered,74,4.62,1.77,46.56,present,200
CALL-00031,2026-05-01T12:16:40,ROUTE_UK_01,UK-Mobile,failed,0,6.33,2.52,128.57,present,503
CALL-00032,2026-05-01T12:16:58,ROUTE_IT_04,Italy-Fixed,no_answer,0,10.3,4.07,230.8,present,408
CALL-00033,2026-05-01T12:17:16,ROUTE_FR_03,France-Mobile,answered,67,5.72,0.83,119.49,present,200
CALL-00034,2026-05-01T12:17:34,ROUTE_ES_05,Spain-Mobile,answered,282,2.58,0.68,67.36,present,200
CALL-00035,2026-05-01T12:17:52,ROUTE_IT_04,Italy-Fixed,answered,458,5.96,2.74,138.93,present,200
CALL-00036,2026-05-01T12:18:10,ROUTE_UK_01,UK-Mobile,failed,0,3.67,2.44,71.06,present,503
CALL-00037,2026-05-01T12:18:28,ROUTE_FR_03,France-Mobile,answered,579,4.04,1.1,106.11,present,200
CALL-00038,2026-05-01T12:18:46,ROUTE_DE_02,Germany-Fixed,answered,492,2.75,0.93,59.01,present,200
CALL-00039,2026-05-01T12:19:04,ROUTE_IT_04,Italy-Fixed,answered,139,5.55,4.45,135.44,present,200
CALL-00040,2026-05-01T12:19:22,ROUTE_UK_01,UK-Mobile,answered,1,2.41,0.3,169.54,present,200
CALL-00041,2026-05-01T12:19:40,ROUTE_DE_02,Germany-Fixed,answered,229,3.57,0.29,74.93,present,200
CALL-00042,2026-05-01T12:19:58,ROUTE_IT_04,Italy-Fixed,answered,486,6.1,2.72,129.83,present,200
CALL-00043,2026-05-01T12:20:16,ROUTE_IT_04,Italy-Fixed,failed,0,7.39,1.48,168.87,present,503
CALL-00044,2026-05-01T12:20:34,ROUTE_DE_02,Germany-Fixed,answered,313,1.95,0.57,44.39,present,200
CALL-00045,2026-05-01T12:20:52,ROUTE_FR_03,France-Mobile,answered,181,5.25,2.14,79.34,present,200
CALL-00046,2026-05-01T12:21:10,ROUTE_ES_05,Spain-Mobile,answered,395,2.1,0.11,57.63,present,200
CALL-00047,2026-05-01T12:21:28,ROUTE_UK_01,UK-Mobile,answered,502,2.38,2.68,179.57,present,200
CALL-00048,2026-05-01T12:21:46,ROUTE_ES_05,Spain-Mobile,answered,463,2.69,0.93,87.47,present,200
CALL-00049,2026-05-01T12:22:04,ROUTE_UK_01,UK-Mobile,answered,514,5.56,1.27,172.21,present,200
CALL-00050,2026-05-01T12:22:22,ROUTE_IT_04,Italy-Fixed,answered,219,10.06,1.46,211.03,present,200
CALL-00051,2026-05-01T12:22:40,ROUTE_FR_03,France-Mobile,no_answer,0,6.89,1.96,58.82,present,408
CALL-00052,2026-05-01T12:22:58,ROUTE_ES_05,Spain-Mobile,answered,277,4.24,0.79,99.65,present,200
CALL-00053,2026-05-01T12:23:16,ROUTE_FR_03,France-Mobile,answered,138,3.23,0.84,123.02,present,200
CALL-00054,2026-05-01T12:23:34,ROUTE_DE_02,Germany-Fixed,answered,344,2.26,0.85,52.07,present,200
CALL-00055,2026-05-01T12:23:52,ROUTE_FR_03,France-Mobile,answered,574,4.29,1.01,129.89,present,200
CALL-00056,2026-05-01T12:24:10,ROUTE_UK_01,UK-Mobile,answered,483,3.22,2.81,92.13,present,200
CALL-00057,2026-05-01T12:24:28,ROUTE_FR_03,France-Mobile,no_answer,0,4.63,0.56,111.32,present,408
CALL-00058,2026-05-01T12:24:46,ROUTE_UK_01,UK-Mobile,failed,0,2.47,1.16,145.27,present,503
CALL-00059,2026-05-01T12:25:04,ROUTE_DE_02,Germany-Fixed,answered,369,2.77,0.75,51.83,present,200
CALL-00060,2026-05-01T12:25:22,ROUTE_UK_01,UK-Mobile,busy,0,2.15,1.19,114.53,present,486
CALL-00061,2026-05-01T12:25:40,ROUTE_IT_04,Italy-Fixed,no_answer,0,7.08,1.9,189.41,present,408
CALL-00062,2026-05-01T12:25:58,ROUTE_UK_01,UK-Mobile,no_answer,0,6.53,3.46,148.45,present,408
CALL-00063,2026-05-01T12:26:16,ROUTE_IT_04,Italy-Fixed,answered,591,5.05,1.36,248.85,present,200
CALL-00064,2026-05-01T12:26:34,ROUTE_ES_05,Spain-Mobile,answered,419,4.95,0.95,52.03,missing,200
CALL-00065,2026-05-01T12:26:52,ROUTE_IT_04,Italy-Fixed,no_answer,0,11.49,2.32,147.61,present,408
CALL-00066,2026-05-01T12:27:10,ROUTE_DE_02,Germany-Fixed,answered,243,2.6,0.59,31.91,present,200
CALL-00067,2026-05-01T12:27:28,ROUTE_DE_02,Germany-Fixed,answered,462,3.5,0.53,83.08,present,200
CALL-00068,2026-05-01T12:27:46,ROUTE_DE_02,Germany-Fixed,answered,112,2.17,0.69,30.17,present,200
CALL-00069,2026-05-01T12:28:04,ROUTE_DE_02,Germany-Fixed,no_answer,0,3.9,0.78,77.28,present,408
CALL-00070,2026-05-01T12:28:22,ROUTE_ES_05,Spain-Mobile,answered,523,2.82,0.45,118.23,present,200
CALL-00071,2026-05-01T12:28:40,ROUTE_DE_02,Germany-Fixed,answered,261,2.88,0.53,45.01,missing,200
CALL-00072,2026-05-01T12:28:58,ROUTE_IT_04,Italy-Fixed,no_answer,0,11.26,1.26,196.97,present,408
CALL-00073,2026-05-01T12:29:16,ROUTE_ES_05,Spain-Mobile,answered,297,4.54,0.12,71.71,present,200
CALL-00074,2026-05-01T12:29:34,ROUTE_UK_01,UK-Mobile,answered,243,3.47,0.59,102.76,present,200
CALL-00075,2026-05-01T12:29:52,ROUTE_ES_05,Spain-Mobile,answered,39,3.56,0.66,43.16,present,200
CALL-00076,2026-05-01T12:30:10,ROUTE_DE_02,Germany-Fixed,answered,52,2.82,0.85,40.85,present,200
CALL-00077,2026-05-01T12:30:28,ROUTE_DE_02,Germany-Fixed,busy,0,2.52,0.77,81.07,present,486
CALL-00078,2026-05-01T12:30:46,ROUTE_UK_01,UK-Mobile,answered,372,2.3,3.45,166.54,present,200
CALL-00079,2026-05-01T12:31:04,ROUTE_UK_01,UK-Mobile,answered,391,8.7,2.65,171.74,present,200
CALL-00080,2026-05-01T12:31:22,ROUTE_IT_04,Italy-Fixed,answered,142,6.76,3.46,186.4,present,200
CALL-00081,2026-05-01T12:31:40,ROUTE_ES_05,Spain-Mobile,failed,0,1.88,0.11,103.14,present,503
CALL-00082,2026-05-01T12:31:58,ROUTE_IT_04,Italy-Fixed,failed,0,6.58,1.27,184.02,present,503
CALL-00083,2026-05-01T12:32:16,ROUTE_ES_05,Spain-Mobile,answered,125,3.83,0.38,61.96,present,200
CALL-00084,2026-05-01T12:32:34,ROUTE_FR_03,France-Mobile,answered,62,3.02,1.7,83.91,present,200
CALL-00085,2026-05-01T12:32:52,ROUTE_UK_01,UK-Mobile,failed,0,8.95,2.66,144.41,present,503
CALL-00086,2026-05-01T12:33:10,ROUTE_ES_05,Spain-Mobile,answered,450,2.31,0.45,90.57,present,200
CALL-00087,2026-05-01T12:33:28,ROUTE_DE_02,Germany-Fixed,answered,297,3.55,1.12,83.07,present,200
CALL-00088,2026-05-01T12:33:46,ROUTE_UK_01,UK-Mobile,no_answer,0,3.4,3.33,168.5,present,408
CALL-00089,2026-05-01T12:34:04,ROUTE_ES_05,Spain-Mobile,no_answer,0,4.3,1.68,52.82,present,408
CALL-00090,2026-05-01T12:34:22,ROUTE_UK_01,UK-Mobile,answered,331,7.89,0.21,79.47,present,200
CALL-00091,2026-05-01T12:34:40,ROUTE_IT_04,Italy-Fixed,answered,223,9.9,2.09,229.46,present,200
CALL-00092,2026-05-01T12:34:58,ROUTE_IT_04,Italy-Fixed,answered,36,9.81,2.25,211.1,present,200
CALL-00093,2026-05-01T12:35:16,ROUTE_IT_04,Italy-Fixed,no_answer,0,8.75,1.07,111.82,present,408
CALL-00094,2026-05-01T12:35:34,ROUTE_ES_05,Spain-Mobile,no_answer,0,3.85,1.65,95.58,missing,408
CALL-00095,2026-05-01T12:35:52,ROUTE_IT_04,Italy-Fixed,failed,0,10.25,3.64,174.62,present,503
CALL-00096,2026-05-01T12:36:10,ROUTE_ES_05,Spain-Mobile,answered,454,2.62,0.45,114.96,present,200
CALL-00097,2026-05-01T12:36:28,ROUTE_FR_03,France-Mobile,failed,0,5.18,1.45,104.04,present,503
CALL-00098,2026-05-01T12:36:46,ROUTE_IT_04,Italy-Fixed,answered,208,5.83,2.48,170.49,present,200
CALL-00099,2026-05-01T12:37:04,ROUTE_FR_03,France-Mobile,answered,411,5.21,0.97,74.84,present,200
CALL-00100,2026-05-01T12:37:22,ROUTE_UK_01,UK-Mobile,answered,512,4.57,1.83,160.47,present,200
CALL-00101,2026-05-01T12:37:40,ROUTE_IT_04,Italy-Fixed,no_answer,0,10.99,3.61,114.53,present,408
CALL-00102,2026-05-01T12:37:58,ROUTE_ES_05,Spain-Mobile,answered,39,4.07,1.22,110.87,present,200
CALL-00103,2026-05-01T12:38:16,ROUTE_FR_03,France-Mobile,failed,0,6.12,0.56,82.32,present,503
CALL-00104,2026-05-01T12:38:34,ROUTE_DE_02,Germany-Fixed,answered,33,1.92,0.26,62.72,present,200
CALL-00105,2026-05-01T12:38:52,ROUTE_ES_05,Spain-Mobile,answered,295,2.89,0.34,70.82,present,200
CALL-00106,2026-05-01T12:39:10,ROUTE_IT_04,Italy-Fixed,answered,429,11.06,1.33,119.97,present,200
CALL-00107,2026-05-01T12:39:28,ROUTE_IT_04,Italy-Fixed,no_answer,0,10.08,1.42,152.61,present,408
CALL-00108,2026-05-01T12:39:46,ROUTE_UK_01,UK-Mobile,answered,518,2.13,1.29,85.33,present,200
CALL-00109,2026-05-01T12:40:04,ROUTE_ES_05,Spain-Mobile,failed,0,2.76,0.9,80.35,present,503
CALL-00110,2026-05-01T12:40:22,ROUTE_ES_05,Spain-Mobile,answered,538,2.5,1.25,68.58,present,200
CALL-00111,2026-05-01T12:40:40,ROUTE_FR_03,France-Mobile,answered,227,3.84,0.56,107.28,present,200
CALL-00112,2026-05-01T12:40:58,ROUTE_DE_02,Germany-Fixed,answered,381,3.28,0.71,68.03,present,200
CALL-00113,2026-05-01T12:41:16,ROUTE_IT_04,Italy-Fixed,failed,0,7.87,1.09,253.17,present,503
CALL-00114,2026-05-01T12:41:34,ROUTE_IT_04,Italy-Fixed,answered,166,9.98,2.69,244.59,present,200
CALL-00115,2026-05-01T12:41:52,ROUTE_IT_04,Italy-Fixed,busy,0,7.95,4.26,129.61,missing,486
CALL-00116,2026-05-01T12:42:10,ROUTE_DE_02,Germany-Fixed,answered,175,3.64,0.16,42.29,present,200
CALL-00117,2026-05-01T12:42:28,ROUTE_DE_02,Germany-Fixed,answered,597,2.38,0.34,76.84,present,200
CALL-00118,2026-05-01T12:42:46,ROUTE_FR_03,France-Mobile,answered,429,6.32,2.1,118.9,present,200
CALL-00119,2026-05-01T12:43:04,ROUTE_DE_02,Germany-Fixed,answered,188,3.85,1.1,74.0,missing,200
CALL-00120,2026-05-01T12:43:22,ROUTE_UK_01,UK-Mobile,answered,70,6.37,0.93,140.35,present,200
CALL-00121,2026-05-01T12:43:40,ROUTE_ES_05,Spain-Mobile,answered,1,1.86,0.69,119.65,present,200
CALL-00122,2026-05-01T12:43:58,ROUTE_FR_03,France-Mobile,answered,1,6.73,0.76,131.22,present,200
CALL-00123,2026-05-01T12:44:16,ROUTE_IT_04,Italy-Fixed,failed,0,9.21,1.2,161.11,present,503
CALL-00124,2026-05-01T12:44:34,ROUTE_DE_02,Germany-Fixed,answered,520,2.73,0.46,63.46,present,200
CALL-00125,2026-05-01T12:44:52,ROUTE_IT_04,Italy-Fixed,answered,600,6.55,4.3,130.9,present,200
CALL-00126,2026-05-01T12:45:10,ROUTE_UK_01,UK-Mobile,failed,0,2.64,0.22,160.56,missing,503
CALL-00127,2026-05-01T12:45:28,ROUTE_DE_02,Germany-Fixed,answered,507,2.82,0.54,73.05,present,200
CALL-00128,2026-05-01T12:45:46,ROUTE_IT_04,Italy-Fixed,answered,400,5.67,3.24,116.88,missing,200
CALL-00129,2026-05-01T12:46:04,ROUTE_IT_04,Italy-Fixed,answered,127,10.72,2.15,258.02,present,200
CALL-00130,2026-05-01T12:46:22,ROUTE_DE_02,Germany-Fixed,answered,1,2.45,1.13,74.13,present,200
CALL-00131,2026-05-01T12:46:40,ROUTE_DE_02,Germany-Fixed,answered,439,1.65,0.06,36.17,present,200
CALL-00132,2026-05-01T12:46:58,ROUTE_FR_03,France-Mobile,answered,566,5.45,0.6,100.11,present,200
CALL-00133,2026-05-01T12:47:16,ROUTE_IT_04,Italy-Fixed,busy,0,7.11,2.89,159.59,present,486
CALL-00134,2026-05-01T12:47:34,ROUTE_ES_05,Spain-Mobile,answered,254,4.62,1.31,91.37,present,200
CALL-00135,2026-05-01T12:47:52,ROUTE_FR_03,France-Mobile,busy,0,6.47,1.02,77.77,present,486
CALL-00136,2026-05-01T12:48:10,ROUTE_DE_02,Germany-Fixed,answered,42,3.1,0.19,34.78,present,200
CALL-00137,2026-05-01T12:48:28,ROUTE_ES_05,Spain-Mobile,answered,492,3.31,1.38,40.05,present,200
CALL-00138,2026-05-01T12:48:46,ROUTE_DE_02,Germany-Fixed,answered,297,3.15,0.21,69.23,present,200
CALL-00139,2026-05-01T12:49:04,ROUTE_FR_03,France-Mobile,failed,0,6.57,2.11,70.18,present,503
CALL-00140,2026-05-01T12:49:22,ROUTE_UK_01,UK-Mobile,failed,0,7.01,1.53,77.44,present,503
CALL-00141,2026-05-01T12:49:40,ROUTE_DE_02,Germany-Fixed,busy,0,3.42,0.58,37.12,present,486
CALL-00142,2026-05-01T12:49:58,ROUTE_UK_01,UK-Mobile,answered,42,7.92,1.13,155.79,present,200
CALL-00143,2026-05-01T12:50:16,ROUTE_FR_03,France-Mobile,answered,305,5.53,0.72,95.65,present,200
CALL-00144,2026-05-01T12:50:34,ROUTE_UK_01,UK-Mobile,failed,0,6.58,2.39,174.34,present,503
CALL-00145,2026-05-01T12:50:52,ROUTE_FR_03,France-Mobile,answered,2,3.22,1.72,64.16,present,200
CALL-00146,2026-05-01T12:51:10,ROUTE_IT_04,Italy-Fixed,busy,0,11.76,2.13,133.75,present,486
CALL-00147,2026-05-01T12:51:28,ROUTE_ES_05,Spain-Mobile,answered,2,4.74,0.37,111.31,present,200
CALL-00148,2026-05-01T12:51:46,ROUTE_UK_01,UK-Mobile,no_answer,0,6.99,3.11,89.17,present,408
CALL-00149,2026-05-01T12:52:04,ROUTE_ES_05,Spain-Mobile,answered,156,3.48,1.06,112.0,present,200
CALL-00150,2026-05-01T12:52:22,ROUTE_ES_05,Spain-Mobile,answered,43,3.0,1.4,96.0,missing,200
CALL-00151,2026-05-01T12:52:40,ROUTE_FR_03,France-Mobile,no_answer,0,6.58,0.77,134.96,present,408
CALL-00152,2026-05-01T12:52:58,ROUTE_FR_03,France-Mobile,answered,385,3.36,1.99,119.35,present,200
CALL-00153,2026-05-01T12:53:16,ROUTE_IT_04,Italy-Fixed,no_answer,0,10.04,1.76,244.34,present,408
CALL-00154,2026-05-01T12:53:34,ROUTE_FR_03,France-Mobile,answered,162,6.55,1.97,99.26,present,200
CALL-00155,2026-05-01T12:53:52,ROUTE_IT_04,Italy-Fixed,answered,580,5.39,3.86,175.79,present,200
CALL-00156,2026-05-01T12:54:10,ROUTE_IT_04,Italy-Fixed,busy,0,6.68,4.04,202.88,present,486
CALL-00157,2026-05-01T12:54:28,ROUTE_FR_03,France-Mobile,answered,561,5.18,0.77,90.76,present,200
CALL-00158,2026-05-01T12:54:46,ROUTE_FR_03,France-Mobile,answered,59,3.84,1.8,93.47,present,200
CALL-00159,2026-05-01T12:55:04,ROUTE_ES_05,Spain-Mobile,answered,516,1.62,0.8,59.95,present,200
CALL-00160,2026-05-01T12:55:22,ROUTE_IT_04,Italy-Fixed,answered,354,6.11,2.48,185.8,present,200
CALL-00161,2026-05-01T12:55:40,ROUTE_IT_04,Italy-Fixed,answered,400,7.51,1.75,136.34,present,200
CALL-00162,2026-05-01T12:55:58,ROUTE_ES_05,Spain-Mobile,answered,37,3.97,0.24,89.0,present,200
CALL-00163,2026-05-01T12:56:16,ROUTE_UK_01,UK-Mobile,answered,567,7.69,2.25,156.88,present,200
CALL-00164,2026-05-01T12:56:34,ROUTE_FR_03,France-Mobile,answered,595,5.86,1.58,87.66,present,200
CALL-00165,2026-05-01T12:56:52,ROUTE_UK_01,UK-Mobile,answered,181,7.1,0.2,103.06,present,200
CALL-00166,2026-05-01T12:57:10,ROUTE_ES_05,Spain-Mobile,busy,0,1.77,1.59,91.28,present,486
CALL-00167,2026-05-01T12:57:28,ROUTE_FR_03,France-Mobile,no_answer,0,4.48,0.65,107.05,present,408
CALL-00168,2026-05-01T12:57:46,ROUTE_IT_04,Italy-Fixed,answered,315,11.7,1.63,108.77,present,200
CALL-00169,2026-05-01T12:58:04,ROUTE_UK_01,UK-Mobile,answered,239,2.99,1.52,161.56,present,200
CALL-00170,2026-05-01T12:58:22,ROUTE_ES_05,Spain-Mobile,failed,0,3.54,0.46,86.15,present,503
CALL-00171,2026-05-01T12:58:40,ROUTE_DE_02,Germany-Fixed,answered,501,3.84,0.38,85.04,present,200
CALL-00172,2026-05-01T12:58:58,ROUTE_FR_03,France-Mobile,answered,280,5.38,0.77,79.49,present,200
CALL-00173,2026-05-01T12:59:16,ROUTE_FR_03,France-Mobile,answered,221,5.25,0.88,71.51,present,200
CALL-00174,2026-05-01T12:59:34,ROUTE_FR_03,France-Mobile,failed,0,5.68,1.63,59.83,present,503
CALL-00175,2026-05-01T12:59:52,ROUTE_DE_02,Germany-Fixed,answered,274,2.71,1.1,85.33,present,200
CALL-00176,2026-05-01T13:00:10,ROUTE_UK_01,UK-Mobile,busy,0,7.42,2.53,137.58,present,486
CALL-00177,2026-05-01T13:00:28,ROUTE_ES_05,Spain-Mobile,failed,0,3.02,1.28,92.09,present,503
CALL-00178,2026-05-01T13:00:46,ROUTE_UK_01,UK-Mobile,answered,336,4.61,1.97,143.84,present,200
CALL-00179,2026-05-01T13:01:04,ROUTE_UK_01,UK-Mobile,answered,597,7.77,2.82,108.82,present,200
CALL-00180,2026-05-01T13:01:22,ROUTE_UK_01,UK-Mobile,failed,0,7.37,2.74,107.0,present,503
CALL-00181,2026-05-01T13:01:40,ROUTE_IT_04,Italy-Fixed,no_answer,0,10.77,1.4,147.3,present,408
CALL-00182,2026-05-01T13:01:58,ROUTE_IT_04,Italy-Fixed,failed,0,8.47,4.45,174.6,present,503
CALL-00183,2026-05-01T13:02:16,ROUTE_ES_05,Spain-Mobile,answered,377,3.23,1.5,101.34,present,200
CALL-00184,2026-05-01T13:02:34,ROUTE_IT_04,Italy-Fixed,busy,0,7.78,2.15,141.84,present,486
CALL-00185,2026-05-01T13:02:52,ROUTE_FR_03,France-Mobile,failed,0,6.35,1.65,125.11,missing,503
CALL-00186,2026-05-01T13:03:10,ROUTE_ES_05,Spain-Mobile,busy,0,3.54,0.14,114.32,present,486
CALL-00187,2026-05-01T13:03:28,ROUTE_ES_05,Spain-Mobile,answered,436,3.2,0.75,60.59,present,200
CALL-00188,2026-05-01T13:03:46,ROUTE_IT_04,Italy-Fixed,failed,0,8.43,2.25,105.34,present,503
CALL-00189,2026-05-01T13:04:04,ROUTE_FR_03,France-Mobile,answered,255,3.84,1.5,90.79,present,200
CALL-00190,2026-05-01T13:04:22,ROUTE_FR_03,France-Mobile,answered,261,3.18,0.89,78.72,present,200
CALL-00191,2026-05-01T13:04:40,ROUTE_UK_01,UK-Mobile,busy,0,6.93,0.29,179.3,present,486
CALL-00192,2026-05-01T13:04:58,ROUTE_UK_01,UK-Mobile,answered,362,7.99,3.1,123.84,missing,200
CALL-00193,2026-05-01T13:05:16,ROUTE_ES_05,Spain-Mobile,failed,0,2.23,0.35,45.78,present,503
CALL-00194,2026-05-01T13:05:34,ROUTE_ES_05,Spain-Mobile,answered,329,2.26,1.47,80.08,present,200
CALL-00195,2026-05-01T13:05:52,ROUTE_UK_01,UK-Mobile,answered,1,2.48,2.15,102.83,present,200
CALL-00196,2026-05-01T13:06:10,ROUTE_IT_04,Italy-Fixed,busy,0,10.58,3.05,136.78,missing,486
CALL-00197,2026-05-01T13:06:28,ROUTE_ES_05,Spain-Mobile,answered,183,3.25,1.25,64.47,present,200
CALL-00198,2026-05-01T13:06:46,ROUTE_DE_02,Germany-Fixed,answered,439,1.56,1.14,81.37,present,200
CALL-00199,2026-05-01T13:07:04,ROUTE_DE_02,Germany-Fixed,answered,457,3.08,0.56,41.28,present,200
CALL-00200,2026-05-01T13:07:22,ROUTE_FR_03,France-Mobile,answered,126,4.17,0.97,62.47,present,200
CALL-00201,2026-05-01T13:07:40,ROUTE_IT_04,Italy-Fixed,answered,482,8.21,2.41,132.41,present,200
CALL-00202,2026-05-01T13:07:58,ROUTE_UK_01,UK-Mobile,answered,529,2.27,0.96,176.7,missing,200
CALL-00203,2026-05-01T13:08:16,ROUTE_DE_02,Germany-Fixed,failed,0,3.24,0.58,78.09,present,503
CALL-00204,2026-05-01T13:08:34,ROUTE_UK_01,UK-Mobile,answered,124,2.08,1.62,110.54,present,200
CALL-00205,2026-05-01T13:08:52,ROUTE_DE_02,Germany-Fixed,answered,195,3.05,0.68,43.27,present,200
CALL-00206,2026-05-01T13:09:10,ROUTE_FR_03,France-Mobile,answered,198,4.21,1.56,53.82,present,200
CALL-00207,2026-05-01T13:09:28,ROUTE_DE_02,Germany-Fixed,answered,141,1.55,0.53,74.12,missing,200
CALL-00208,2026-05-01T13:09:46,ROUTE_ES_05,Spain-Mobile,answered,1,1.99,1.03,78.9,missing,200
CALL-00209,2026-05-01T13:10:04,ROUTE_ES_05,Spain-Mobile,answered,99,3.98,1.71,88.87,present,200
CALL-00210,2026-05-01T13:10:22,ROUTE_UK_01,UK-Mobile,answered,420,3.98,0.85,137.74,present,200
CALL-00211,2026-05-01T13:10:40,ROUTE_IT_04,Italy-Fixed,busy,0,7.94,2.69,102.69,present,486
CALL-00212,2026-05-01T13:10:58,ROUTE_FR_03,France-Mobile,answered,168,3.08,1.05,73.96,present,200
CALL-00213,2026-05-01T13:11:16,ROUTE_FR_03,France-Mobile,failed,0,5.99,2.08,75.99,present,503
CALL-00214,2026-05-01T13:11:34,ROUTE_UK_01,UK-Mobile,no_answer,0,2.63,1.26,88.82,present,408
CALL-00215,2026-05-01T13:11:52,ROUTE_DE_02,Germany-Fixed,failed,0,1.29,1.07,32.21,present,503
CALL-00216,2026-05-01T13:12:10,ROUTE_DE_02,Germany-Fixed,busy,0,1.89,0.2,54.32,present,486
CALL-00217,2026-05-01T13:12:28,ROUTE_UK_01,UK-Mobile,answered,219,7.99,1.95,154.77,missing,200
CALL-00218,2026-05-01T13:12:46,ROUTE_ES_05,Spain-Mobile,failed,0,1.6,0.66,87.45,present,503
CALL-00219,2026-05-01T13:13:04,ROUTE_UK_01,UK-Mobile,answered,143,8.4,1.6,124.66,present,200
CALL-00220,2026-05-01T13:13:22,ROUTE_UK_01,UK-Mobile,answered,157,6.24,1.06,144.81,present,200
CALL-00221,2026-05-01T13:13:40,ROUTE_UK_01,UK-Mobile,no_answer,0,2.8,0.97,102.3,present,408
CALL-00222,2026-05-01T13:13:58,ROUTE_DE_02,Germany-Fixed,answered,276,3.97,0.04,32.87,present,200
CALL-00223,2026-05-01T13:14:16,ROUTE_IT_04,Italy-Fixed,answered,592,10.72,4.01,168.15,present,200
CALL-00224,2026-05-01T13:14:34,ROUTE_DE_02,Germany-Fixed,answered,125,2.89,0.99,38.01,present,200
CALL-00225,2026-05-01T13:14:52,ROUTE_IT_04,Italy-Fixed,answered,2,5.05,3.08,142.92,present,200
CALL-00226,2026-05-01T13:15:10,ROUTE_DE_02,Germany-Fixed,answered,261,3.35,0.17,62.83,present,200
CALL-00227,2026-05-01T13:15:28,ROUTE_FR_03,France-Mobile,failed,0,5.58,1.29,107.63,present,503
CALL-00228,2026-05-01T13:15:46,ROUTE_UK_01,UK-Mobile,answered,500,7.67,0.28,156.53,present,200
CALL-00229,2026-05-01T13:16:04,ROUTE_ES_05,Spain-Mobile,busy,0,4.0,0.72,96.76,present,486
CALL-00230,2026-05-01T13:16:22,ROUTE_DE_02,Germany-Fixed,answered,407,1.72,0.05,69.89,present,200
CALL-00231,2026-05-01T13:16:40,ROUTE_IT_04,Italy-Fixed,no_answer,0,5.33,2.94,148.45,present,408
CALL-00232,2026-05-01T13:16:58,ROUTE_DE_02,Germany-Fixed,answered,51,3.02,0.53,89.19,present,200
CALL-00233,2026-05-01T13:17:16,ROUTE_UK_01,UK-Mobile,failed,0,4.44,0.73,112.44,present,503
CALL-00234,2026-05-01T13:17:34,ROUTE_ES_05,Spain-Mobile,answered,276,2.06,1.69,109.51,present,200
CALL-00235,2026-05-01T13:17:52,ROUTE_ES_05,Spain-Mobile,answered,445,4.39,1.15,100.4,present,200
CALL-00236,2026-05-01T13:18:10,ROUTE_IT_04,Italy-Fixed,answered,90,9.81,1.86,120.51,present,200
CALL-00237,2026-05-01T13:18:28,ROUTE_ES_05,Spain-Mobile,no_answer,0,4.31,1.42,110.49,present,408
CALL-00238,2026-05-01T13:18:46,ROUTE_ES_05,Spain-Mobile,answered,583,4.85,0.59,47.67,missing,200
CALL-00239,2026-05-01T13:19:04,ROUTE_IT_04,Italy-Fixed,no_answer,0,9.92,2.72,164.55,present,408
CALL-00240,2026-05-01T13:19:22,ROUTE_DE_02,Germany-Fixed,failed,0,2.35,0.11,30.06,present,503
CALL-00241,2026-05-01T13:19:40,ROUTE_ES_05,Spain-Mobile,answered,521,3.1,1.39,86.24,present,200
CALL-00242,2026-05-01T13:19:58,ROUTE_DE_02,Germany-Fixed,answered,171,1.43,1.12,34.12,present,200
CALL-00243,2026-05-01T13:20:16,ROUTE_ES_05,Spain-Mobile,answered,167,2.32,0.97,81.25,present,200
CALL-00244,2026-05-01T13:20:34,ROUTE_FR_03,France-Mobile,answered,212,3.71,0.59,60.38,present,200
CALL-00245,2026-05-01T13:20:52,ROUTE_ES_05,Spain-Mobile,no_answer,0,4.64,1.25,57.48,present,408
CALL-00246,2026-05-01T13:21:10,ROUTE_FR_03,France-Mobile,answered,477,5.88,0.81,93.45,present,200
CALL-00247,2026-05-01T13:21:28,ROUTE_FR_03,France-Mobile,busy,0,4.99,0.52,52.29,present,486
CALL-00248,2026-05-01T13:21:46,ROUTE_UK_01,UK-Mobile,answered,406,7.82,3.21,120.7,present,200
CALL-00249,2026-05-01T13:22:04,ROUTE_IT_04,Italy-Fixed,answered,393,9.79,3.66,146.86,present,200
CALL-00250,2026-05-01T13:22:22,ROUTE_ES_05,Spain-Mobile,answered,112,4.68,1.73,68.9,present,200
CALL-00251,2026-05-01T13:22:40,ROUTE_ES_05,Spain-Mobile,answered,419,3.46,1.01,44.87,missing,200
CALL-00252,2026-05-01T13:22:58,ROUTE_DE_02,Germany-Fixed,answered,364,1.55,0.34,88.37,present,200
CALL-00253,2026-05-01T13:23:16,ROUTE_IT_04,Italy-Fixed,answered,355,11.98,1.45,176.09,present,200
CALL-00254,2026-05-01T13:23:34,ROUTE_IT_04,Italy-Fixed,failed,0,11.3,1.34,166.3,present,503
CALL-00255,2026-05-01T13:23:52,ROUTE_IT_04,Italy-Fixed,no_answer,0,7.15,3.68,171.89,present,408
CALL-00256,2026-05-01T13:24:10,ROUTE_ES_05,Spain-Mobile,answered,178,4.23,0.32,95.66,present,200
CALL-00257,2026-05-01T13:24:28,ROUTE_IT_04,Italy-Fixed,no_answer,0,11.56,3.37,111.87,present,408
CALL-00258,2026-05-01T13:24:46,ROUTE_FR_03,France-Mobile,answered,212,6.91,1.6,98.96,present,200
CALL-00259,2026-05-01T13:25:04,ROUTE_UK_01,UK-Mobile,answered,21,3.84,2.87,80.08,present,200
CALL-00260,2026-05-01T13:25:22,ROUTE_UK_01,UK-Mobile,answered,34,5.92,3.05,84.62,present,200
CALL-00261,2026-05-01T13:25:40,ROUTE_IT_04,Italy-Fixed,failed,0,6.08,1.61,186.58,present,503
CALL-00262,2026-05-01T13:25:58,ROUTE_DE_02,Germany-Fixed,failed,0,3.44,0.15,77.45,present,503
CALL-00263,2026-05-01T13:26:16,ROUTE_ES_05,Spain-Mobile,answered,345,4.68,0.17,40.32,present,200
CALL-00264,2026-05-01T13:26:34,ROUTE_DE_02,Germany-Fixed,answered,572,3.43,0.31,46.61,present,200
CALL-00265,2026-05-01T13:26:52,ROUTE_DE_02,Germany-Fixed,answered,2,3.54,1.19,54.35,present,200
CALL-00266,2026-05-01T13:27:10,ROUTE_UK_01,UK-Mobile,failed,0,7.2,2.74,82.1,present,503
CALL-00267,2026-05-01T13:27:28,ROUTE_FR_03,France-Mobile,failed,0,6.07,0.8,86.1,present,503
CALL-00268,2026-05-01T13:27:46,ROUTE_IT_04,Italy-Fixed,answered,137,6.08,1.51,218.19,present,200
CALL-00269,2026-05-01T13:28:04,ROUTE_UK_01,UK-Mobile,answered,592,5.76,2.2,113.67,present,200
CALL-00270,2026-05-01T13:28:22,ROUTE_FR_03,France-Mobile,answered,411,6.19,1.58,52.68,present,200
CALL-00271,2026-05-01T13:28:40,ROUTE_FR_03,France-Mobile,answered,238,5.6,1.55,84.42,present,200
CALL-00272,2026-05-01T13:28:58,ROUTE_ES_05,Spain-Mobile,answered,431,4.51,0.82,63.8,missing,200
CALL-00273,2026-05-01T13:29:16,ROUTE_FR_03,France-Mobile,answered,260,4.12,1.62,63.14,missing,200
CALL-00274,2026-05-01T13:29:34,ROUTE_IT_04,Italy-Fixed,failed,0,10.93,3.06,187.44,missing,503
CALL-00275,2026-05-01T13:29:52,ROUTE_FR_03,France-Mobile,answered,580,3.76,1.75,80.35,present,200
CALL-00276,2026-05-01T13:30:10,ROUTE_ES_05,Spain-Mobile,answered,569,1.71,0.15,57.32,present,200
CALL-00277,2026-05-01T13:30:28,ROUTE_FR_03,France-Mobile,no_answer,0,6.93,1.7,80.84,present,408
CALL-00278,2026-05-01T13:30:46,ROUTE_UK_01,UK-Mobile,answered,101,4.18,1.08,83.15,present,200
CALL-00279,2026-05-01T13:31:04,ROUTE_IT_04,Italy-Fixed,answered,3,9.91,3.49,106.29,missing,200
CALL-00280,2026-05-01T13:31:22,ROUTE_UK_01,UK-Mobile,answered,186,2.51,0.39,160.04,present,200
CALL-00281,2026-05-01T13:31:40,ROUTE_IT_04,Italy-Fixed,answered,337,8.01,3.06,240.52,missing,200
CALL-00282,2026-05-01T13:31:58,ROUTE_UK_01,UK-Mobile,answered,244,5.52,1.26,120.08,present,200
CALL-00283,2026-05-01T13:32:16,ROUTE_DE_02,Germany-Fixed,failed,0,1.27,0.29,33.69,present,503
CALL-00284,2026-05-01T13:32:34,ROUTE_DE_02,Germany-Fixed,answered,397,1.39,0.99,75.17,present,200
CALL-00285,2026-05-01T13:32:52,ROUTE_IT_04,Italy-Fixed,answered,420,10.09,1.29,103.36,present,200
CALL-00286,2026-05-01T13:33:10,ROUTE_FR_03,France-Mobile,answered,543,5.44,0.88,115.97,present,200
CALL-00287,2026-05-01T13:33:28,ROUTE_UK_01,UK-Mobile,busy,0,8.09,3.1,139.97,present,486
CALL-00288,2026-05-01T13:33:46,ROUTE_FR_03,France-Mobile,no_answer,0,6.29,0.78,131.37,present,408
CALL-00289,2026-05-01T13:34:04,ROUTE_IT_04,Italy-Fixed,answered,125,11.63,2.44,155.77,present,200
CALL-00290,2026-05-01T13:34:22,ROUTE_FR_03,France-Mobile,busy,0,4.53,1.85,87.53,present,486
CALL-00291,2026-05-01T13:34:40,ROUTE_UK_01,UK-Mobile,answered,1,2.25,3.03,146.9,missing,200
CALL-00292,2026-05-01T13:34:58,ROUTE_DE_02,Germany-Fixed,answered,442,3.76,1.17,64.03,present,200
CALL-00293,2026-05-01T13:35:16,ROUTE_FR_03,France-Mobile,answered,112,6.14,1.17,132.81,present,200
CALL-00294,2026-05-01T13:35:34,ROUTE_IT_04,Italy-Fixed,failed,0,9.79,3.88,148.02,present,503
CALL-00295,2026-05-01T13:35:52,ROUTE_DE_02,Germany-Fixed,answered,26,1.04,0.79,40.47,present,200
CALL-00296,2026-05-01T13:36:10,ROUTE_ES_05,Spain-Mobile,failed,0,4.38,1.62,119.26,missing,503
CALL-00297,2026-05-01T13:36:28,ROUTE_DE_02,Germany-Fixed,no_answer,0,3.76,0.83,76.26,present,408
CALL-00298,2026-05-01T13:36:46,ROUTE_IT_04,Italy-Fixed,answered,440,11.66,2.32,205.71,present,200
CALL-00299,2026-05-01T13:37:04,ROUTE_FR_03,France-Mobile,no_answer,0,6.2,2.01,131.8,present,408
CALL-00300,2026-05-01T13:37:22,ROUTE_FR_03,France-Mobile,no_answer,0,4.03,2.19,67.54,present,408
CALL-00301,2026-05-01T13:37:40,ROUTE_UK_01,UK-Mobile,answered,59,8.89,3.35,106.45,missing,200
CALL-00302,2026-05-01T13:37:58,ROUTE_FR_03,France-Mobile,failed,0,4.31,2.05,113.35,present,503
CALL-00303,2026-05-01T13:38:16,ROUTE_UK_01,UK-Mobile,answered,108,8.29,0.65,109.93,present,200
CALL-00304,2026-05-01T13:38:34,ROUTE_IT_04,Italy-Fixed,failed,0,11.64,2.53,214.21,present,503
CALL-00305,2026-05-01T13:38:52,ROUTE_ES_05,Spain-Mobile,no_answer,0,2.31,1.43,84.9,present,408
CALL-00306,2026-05-01T13:39:10,ROUTE_IT_04,Italy-Fixed,busy,0,7.47,3.32,238.05,present,486
CALL-00307,2026-05-01T13:39:28,ROUTE_ES_05,Spain-Mobile,busy,0,1.94,1.36,113.61,present,486
CALL-00308,2026-05-01T13:39:46,ROUTE_DE_02,Germany-Fixed,failed,0,3.77,0.64,59.54,present,503
CALL-00309,2026-05-01T13:40:04,ROUTE_IT_04,Italy-Fixed,busy,0,11.19,1.53,146.68,present,486
CALL-00310,2026-05-01T13:40:22,ROUTE_UK_01,UK-Mobile,answered,465,7.18,1.6,116.76,present,200
CALL-00311,2026-05-01T13:40:40,ROUTE_DE_02,Germany-Fixed,answered,120,2.46,0.2,32.67,present,200
CALL-00312,2026-05-01T13:40:58,ROUTE_UK_01,UK-Mobile,answered,118,5.53,2.25,71.06,present,200
CALL-00313,2026-05-01T13:41:16,ROUTE_UK_01,UK-Mobile,failed,0,6.29,0.9,138.35,present,503
CALL-00314,2026-05-01T13:41:34,ROUTE_UK_01,UK-Mobile,no_answer,0,5.52,0.96,150.14,present,408
CALL-00315,2026-05-01T13:41:52,ROUTE_DE_02,Germany-Fixed,answered,105,1.35,0.34,52.6,missing,200
CALL-00316,2026-05-01T13:42:10,ROUTE_FR_03,France-Mobile,no_answer,0,5.43,1.8,102.64,missing,408
CALL-00317,2026-05-01T13:42:28,ROUTE_IT_04,Italy-Fixed,failed,0,11.17,3.26,241.1,present,503
CALL-00318,2026-05-01T13:42:46,ROUTE_FR_03,France-Mobile,answered,154,3.33,0.7,109.99,missing,200
CALL-00319,2026-05-01T13:43:04,ROUTE_DE_02,Germany-Fixed,answered,63,3.92,0.28,75.77,present,200
CALL-00320,2026-05-01T13:43:22,ROUTE_ES_05,Spain-Mobile,answered,248,4.37,1.47,102.15,present,200
CALL-00321,2026-05-01T13:43:40,ROUTE_IT_04,Italy-Fixed,answered,419,8.24,3.91,165.06,present,200
CALL-00322,2026-05-01T13:43:58,ROUTE_ES_05,Spain-Mobile,no_answer,0,4.63,1.4,98.12,present,408
CALL-00323,2026-05-01T13:44:16,ROUTE_ES_05,Spain-Mobile,answered,432,4.28,1.23,118.86,present,200
CALL-00324,2026-05-01T13:44:34,ROUTE_IT_04,Italy-Fixed,no_answer,0,5.11,3.45,112.36,present,408
CALL-00325,2026-05-01T13:44:52,ROUTE_ES_05,Spain-Mobile,answered,35,3.36,1.78,92.71,missing,200
CALL-00326,2026-05-01T13:45:10,ROUTE_ES_05,Spain-Mobile,answered,446,4.0,0.44,92.14,present,200
CALL-00327,2026-05-01T13:45:28,ROUTE_DE_02,Germany-Fixed,no_answer,0,3.87,0.8,30.17,present,408
CALL-00328,2026-05-01T13:45:46,ROUTE_FR_03,France-Mobile,answered,401,6.46,1.85,85.77,present,200
CALL-00329,2026-05-01T13:46:04,ROUTE_UK_01,UK-Mobile,answered,390,4.72,0.78,71.37,missing,200
CALL-00330,2026-05-01T13:46:22,ROUTE_ES_05,Spain-Mobile,answered,1,2.17,0.69,87.77,present,200
CALL-00331,2026-05-01T13:46:40,ROUTE_UK_01,UK-Mobile,answered,476,5.21,1.33,115.32,present,200
CALL-00332,2026-05-01T13:46:58,ROUTE_IT_04,Italy-Fixed,answered,175,5.04,1.83,176.66,present,200
CALL-00333,2026-05-01T13:47:16,ROUTE_ES_05,Spain-Mobile,answered,429,2.62,1.43,70.43,present,200
CALL-00334,2026-05-01T13:47:34,ROUTE_FR_03,France-Mobile,answered,328,5.38,1.28,112.47,missing,200
CALL-00335,2026-05-01T13:47:52,ROUTE_IT_04,Italy-Fixed,no_answer,0,5.75,1.93,105.01,present,408
CALL-00336,2026-05-01T13:48:10,ROUTE_DE_02,Germany-Fixed,answered,565,2.72,0.02,51.75,present,200
CALL-00337,2026-05-01T13:48:28,ROUTE_DE_02,Germany-Fixed,answered,182,1.78,0.34,36.8,present,200
CALL-00338,2026-05-01T13:48:46,ROUTE_DE_02,Germany-Fixed,answered,187,1.71,0.57,76.31,missing,200
CALL-00339,2026-05-01T13:49:04,ROUTE_IT_04,Italy-Fixed,answered,582,11.07,2.53,218.77,present,200
CALL-00340,2026-05-01T13:49:22,ROUTE_IT_04,Italy-Fixed,answered,415,7.4,4.2,220.17,present,200
CALL-00341,2026-05-01T13:49:40,ROUTE_DE_02,Germany-Fixed,no_answer,0,3.84,0.08,43.84,present,408
CALL-00342,2026-05-01T13:49:58,ROUTE_IT_04,Italy-Fixed,answered,3,8.15,1.87,258.32,present,200
CALL-00343,2026-05-01T13:50:16,ROUTE_ES_05,Spain-Mobile,answered,411,1.6,0.9,94.84,present,200
CALL-00344,2026-05-01T13:50:34,ROUTE_FR_03,France-Mobile,no_answer,0,5.39,0.83,125.59,present,408
CALL-00345,2026-05-01T13:50:52,ROUTE_IT_04,Italy-Fixed,no_answer,0,6.36,3.52,122.8,present,408
CALL-00346,2026-05-01T13:51:10,ROUTE_DE_02,Germany-Fixed,answered,100,3.44,0.3,54.51,present,200
CALL-00347,2026-05-01T13:51:28,ROUTE_IT_04,Italy-Fixed,failed,0,9.82,1.29,112.71,present,503
CALL-00348,2026-05-01T13:51:46,ROUTE_DE_02,Germany-Fixed,answered,142,1.76,0.72,49.31,present,200
CALL-00349,2026-05-01T13:52:04,ROUTE_DE_02,Germany-Fixed,answered,140,2.52,1.12,82.26,missing,200
CALL-00350,2026-05-01T13:52:22,ROUTE_ES_05,Spain-Mobile,no_answer,0,1.98,1.06,59.97,present,408
CALL-00351,2026-05-01T13:52:40,ROUTE_UK_01,UK-Mobile,answered,90,5.28,0.75,142.3,present,200
CALL-00352,2026-05-01T13:52:58,ROUTE_UK_01,UK-Mobile,answered,152,5.82,0.34,167.54,present,200
CALL-00353,2026-05-01T13:53:16,ROUTE_IT_04,Italy-Fixed,answered,2,6.3,2.06,106.57,present,200
CALL-00354,2026-05-01T13:53:34,ROUTE_UK_01,UK-Mobile,answered,136,8.23,1.49,152.89,present,200
CALL-00355,2026-05-01T13:53:52,ROUTE_ES_05,Spain-Mobile,answered,97,2.55,1.24,84.19,missing,200
CALL-00356,2026-05-01T13:54:10,ROUTE_DE_02,Germany-Fixed,answered,102,3.47,0.82,69.6,present,200
CALL-00357,2026-05-01T13:54:28,ROUTE_IT_04,Italy-Fixed,busy,0,10.61,3.55,101.6,present,486
CALL-00358,2026-05-01T13:54:46,ROUTE_DE_02,Germany-Fixed,answered,466,1.78,0.03,46.79,present,200
CALL-00359,2026-05-01T13:55:04,ROUTE_UK_01,UK-Mobile,failed,0,2.8,1.17,112.68,present,503
CALL-00360,2026-05-01T13:55:22,ROUTE_DE_02,Germany-Fixed,answered,2,1.85,0.19,75.97,missing,200
CALL-00361,2026-05-01T13:55:40,ROUTE_UK_01,UK-Mobile,answered,125,7.25,0.67,151.39,present,200
CALL-00362,2026-05-01T13:55:58,ROUTE_FR_03,France-Mobile,answered,298,6.67,1.59,63.93,present,200
CALL-00363,2026-05-01T13:56:16,ROUTE_DE_02,Germany-Fixed,answered,236,3.49,1.13,80.18,present,200
CALL-00364,2026-05-01T13:56:34,ROUTE_FR_03,France-Mobile,answered,260,4.44,0.93,89.43,present,200
CALL-00365,2026-05-01T13:56:52,ROUTE_IT_04,Italy-Fixed,failed,0,5.71,1.7,137.01,present,503
CALL-00366,2026-05-01T13:57:10,ROUTE_UK_01,UK-Mobile,busy,0,7.82,1.51,147.19,present,486
CALL-00367,2026-05-01T13:57:28,ROUTE_FR_03,France-Mobile,failed,0,6.24,1.27,111.27,present,503
CALL-00368,2026-05-01T13:57:46,ROUTE_DE_02,Germany-Fixed,answered,102,3.24,0.08,77.63,present,200
CALL-00369,2026-05-01T13:58:04,ROUTE_FR_03,France-Mobile,busy,0,4.71,0.67,89.13,present,486
CALL-00370,2026-05-01T13:58:22,ROUTE_ES_05,Spain-Mobile,answered,204,2.91,1.42,112.59,present,200
CALL-00371,2026-05-01T13:58:40,ROUTE_UK_01,UK-Mobile,answered,183,6.76,0.75,70.6,present,200
CALL-00372,2026-05-01T13:58:58,ROUTE_UK_01,UK-Mobile,answered,1,5.06,1.68,175.62,present,200
CALL-00373,2026-05-01T13:59:16,ROUTE_DE_02,Germany-Fixed,no_answer,0,1.72,0.65,32.25,present,408
CALL-00374,2026-05-01T13:59:34,ROUTE_ES_05,Spain-Mobile,answered,125,4.54,1.1,60.5,present,200
CALL-00375,2026-05-01T13:59:52,ROUTE_IT_04,Italy-Fixed,busy,0,9.62,2.88,179.08,missing,486
CALL-00376,2026-05-01T14:00:10,ROUTE_FR_03,France-Mobile,answered,468,3.7,1.79,57.31,present,200
CALL-00377,2026-05-01T14:00:28,ROUTE_FR_03,France-Mobile,answered,119,6.13,1.47,57.47,present,200
CALL-00378,2026-05-01T14:00:46,ROUTE_IT_04,Italy-Fixed,answered,408,7.78,1.14,228.74,present,200
CALL-00379,2026-05-01T14:01:04,ROUTE_UK_01,UK-Mobile,answered,195,6.11,0.56,92.34,missing,200
CALL-00380,2026-05-01T14:01:22,ROUTE_DE_02,Germany-Fixed,answered,139,2.44,1.14,86.31,present,200
CALL-00381,2026-05-01T14:01:40,ROUTE_DE_02,Germany-Fixed,answered,536,3.59,0.28,80.0,present,200
CALL-00382,2026-05-01T14:01:58,ROUTE_FR_03,France-Mobile,answered,526,6.85,2.02,69.61,present,200
CALL-00383,2026-05-01T14:02:16,ROUTE_DE_02,Germany-Fixed,busy,0,3.27,0.16,57.07,present,486
CALL-00384,2026-05-01T14:02:34,ROUTE_IT_04,Italy-Fixed,failed,0,8.75,3.19,125.98,present,503
CALL-00385,2026-05-01T14:02:52,ROUTE_DE_02,Germany-Fixed,answered,34,3.25,0.01,80.8,present,200
CALL-00386,2026-05-01T14:03:10,ROUTE_FR_03,France-Mobile,busy,0,3.38,0.53,54.35,present,486
CALL-00387,2026-05-01T14:03:28,ROUTE_ES_05,Spain-Mobile,failed,0,4.53,1.67,77.84,present,503
CALL-00388,2026-05-01T14:03:46,ROUTE_FR_03,France-Mobile,answered,122,5.12,2.12,77.73,present,200
CALL-00389,2026-05-01T14:04:04,ROUTE_UK_01,UK-Mobile,answered,583,8.96,1.98,179.2,present,200
CALL-00390,2026-05-01T14:04:22,ROUTE_DE_02,Germany-Fixed,answered,471,1.34,0.94,39.01,missing,200
CALL-00391,2026-05-01T14:04:40,ROUTE_ES_05,Spain-Mobile,busy,0,3.23,0.84,99.54,present,486
CALL-00392,2026-05-01T14:04:58,ROUTE_DE_02,Germany-Fixed,busy,0,2.03,1.12,51.47,present,486
CALL-00393,2026-05-01T14:05:16,ROUTE_UK_01,UK-Mobile,answered,267,2.86,1.69,97.68,present,200
CALL-00394,2026-05-01T14:05:34,ROUTE_ES_05,Spain-Mobile,answered,174,3.88,0.44,79.5,present,200
CALL-00395,2026-05-01T14:05:52,ROUTE_FR_03,France-Mobile,busy,0,4.06,1.59,67.1,present,486
CALL-00396,2026-05-01T14:06:10,ROUTE_UK_01,UK-Mobile,answered,340,6.69,3.25,80.66,present,200
CALL-00397,2026-05-01T14:06:28,ROUTE_FR_03,France-Mobile,failed,0,5.25,1.29,83.93,present,503
CALL-00398,2026-05-01T14:06:46,ROUTE_IT_04,Italy-Fixed,failed,0,11.15,4.45,139.6,present,503
CALL-00399,2026-05-01T14:07:04,ROUTE_FR_03,France-Mobile,no_answer,0,3.29,0.55,108.28,present,408
CALL-00400,2026-05-01T14:07:22,ROUTE_UK_01,UK-Mobile,answered,220,2.52,1.01,150.25,present,200
CALL-00401,2026-05-01T14:07:40,ROUTE_FR_03,France-Mobile,busy,0,3.91,1.92,136.98,present,486
CALL-00402,2026-05-01T14:07:58,ROUTE_IT_04,Italy-Fixed,answered,43,7.21,3.68,239.98,present,200
CALL-00403,2026-05-01T14:08:16,ROUTE_DE_02,Germany-Fixed,answered,253,3.34,0.58,56.72,present,200
CALL-00404,2026-05-01T14:08:34,ROUTE_DE_02,Germany-Fixed,answered,320,2.98,0.01,48.04,missing,200
CALL-00405,2026-05-01T14:08:52,ROUTE_FR_03,France-Mobile,answered,373,4.64,0.75,58.2,present,200
CALL-00406,2026-05-01T14:09:10,ROUTE_FR_03,France-Mobile,busy,0,3.98,1.79,136.28,present,486
CALL-00407,2026-05-01T14:09:28,ROUTE_FR_03,France-Mobile,failed,0,6.59,1.82,74.84,missing,503
CALL-00408,2026-05-01T14:09:46,ROUTE_FR_03,France-Mobile,answered,162,4.73,1.32,75.4,present,200
CALL-00409,2026-05-01T14:10:04,ROUTE_FR_03,France-Mobile,answered,561,4.24,1.31,111.52,present,200
CALL-00410,2026-05-01T14:10:22,ROUTE_UK_01,UK-Mobile,answered,91,6.24,1.39,76.49,missing,200
CALL-00411,2026-05-01T14:10:40,ROUTE_ES_05,Spain-Mobile,no_answer,0,2.08,1.64,49.78,present,408
CALL-00412,2026-05-01T14:10:58,ROUTE_IT_04,Italy-Fixed,failed,0,7.96,1.36,201.5,present,503
CALL-00413,2026-05-01T14:11:16,ROUTE_UK_01,UK-Mobile,busy,0,6.6,2.64,94.44,present,486
CALL-00414,2026-05-01T14:11:34,ROUTE_UK_01,UK-Mobile,answered,3,7.26,1.0,106.37,present,200
CALL-00415,2026-05-01T14:11:52,ROUTE_IT_04,Italy-Fixed,answered,287,9.76,2.74,177.87,present,200
CALL-00416,2026-05-01T14:12:10,ROUTE_IT_04,Italy-Fixed,answered,164,11.8,4.18,148.34,present,200
CALL-00417,2026-05-01T14:12:28,ROUTE_DE_02,Germany-Fixed,answered,216,2.77,0.31,87.47,present,200
CALL-00418,2026-05-01T14:12:46,ROUTE_FR_03,France-Mobile,failed,0,5.59,1.43,62.52,present,503
CALL-00419,2026-05-01T14:13:04,ROUTE_DE_02,Germany-Fixed,answered,133,3.9,0.54,78.67,present,200
CALL-00420,2026-05-01T14:13:22,ROUTE_IT_04,Italy-Fixed,failed,0,7.64,2.27,142.37,present,503
CALL-00421,2026-05-01T14:13:40,ROUTE_IT_04,Italy-Fixed,answered,574,9.27,1.91,141.52,present,200
CALL-00422,2026-05-01T14:13:58,ROUTE_FR_03,France-Mobile,answered,149,4.18,1.01,53.23,present,200
CALL-00423,2026-05-01T14:14:16,ROUTE_UK_01,UK-Mobile,busy,0,2.04,3.04,96.87,present,486
CALL-00424,2026-05-01T14:14:34,ROUTE_UK_01,UK-Mobile,answered,380,2.5,0.36,86.2,present,200
CALL-00425,2026-05-01T14:14:52,ROUTE_ES_05,Spain-Mobile,answered,582,4.57,1.66,55.62,present,200
CALL-00426,2026-05-01T14:15:10,ROUTE_IT_04,Italy-Fixed,answered,170,5.27,2.4,148.75,present,200
CALL-00427,2026-05-01T14:15:28,ROUTE_IT_04,Italy-Fixed,no_answer,0,5.51,4.48,177.93,present,408
CALL-00428,2026-05-01T14:15:46,ROUTE_IT_04,Italy-Fixed,failed,0,6.72,2.48,130.89,present,503
CALL-00429,2026-05-01T14:16:04,ROUTE_UK_01,UK-Mobile,answered,21,5.04,3.35,165.52,present,200
CALL-00430,2026-05-01T14:16:22,ROUTE_DE_02,Germany-Fixed,answered,548,1.11,0.59,45.79,missing,200
CALL-00431,2026-05-01T14:16:40,ROUTE_ES_05,Spain-Mobile,no_answer,0,2.96,1.31,70.86,missing,408
CALL-00432,2026-05-01T14:16:58,ROUTE_IT_04,Italy-Fixed,busy,0,9.39,3.28,178.2,present,486
CALL-00433,2026-05-01T14:17:16,ROUTE_IT_04,Italy-Fixed,no_answer,0,8.95,2.58,152.64,present,408
CALL-00434,2026-05-01T14:17:34,ROUTE_IT_04,Italy-Fixed,answered,382,9.95,1.29,109.83,present,200
CALL-00435,2026-05-01T14:17:52,ROUTE_DE_02,Germany-Fixed,answered,28,2.19,0.11,59.1,present,200
CALL-00436,2026-05-01T14:18:10,ROUTE_ES_05,Spain-Mobile,answered,181,2.1,1.1,65.43,present,200
CALL-00437,2026-05-01T14:18:28,ROUTE_FR_03,France-Mobile,answered,498,4.1,0.98,74.75,present,200
CALL-00438,2026-05-01T14:18:46,ROUTE_IT_04,Italy-Fixed,failed,0,8.32,4.16,217.88,present,503
CALL-00439,2026-05-01T14:19:04,ROUTE_IT_04,Italy-Fixed,failed,0,5.41,1.67,178.24,missing,503
CALL-00440,2026-05-01T14:19:22,ROUTE_IT_04,Italy-Fixed,answered,366,11.26,3.91,231.34,present,200
CALL-00441,2026-05-01T14:19:40,ROUTE_FR_03,France-Mobile,answered,411,4.34,1.95,57.01,present,200
CALL-00442,2026-05-01T14:19:58,ROUTE_FR_03,France-Mobile,busy,0,4.09,0.53,77.67,present,486
CALL-00443,2026-05-01T14:20:16,ROUTE_ES_05,Spain-Mobile,answered,385,4.99,1.51,73.38,present,200
CALL-00444,2026-05-01T14:20:34,ROUTE_DE_02,Germany-Fixed,answered,447,1.61,0.09,34.24,present,200
CALL-00445,2026-05-01T14:20:52,ROUTE_DE_02,Germany-Fixed,busy,0,1.64,1.19,54.59,present,486
CALL-00446,2026-05-01T14:21:10,ROUTE_IT_04,Italy-Fixed,answered,168,11.27,2.72,131.55,present,200
CALL-00447,2026-05-01T14:21:28,ROUTE_DE_02,Germany-Fixed,no_answer,0,3.74,0.16,84.57,present,408
CALL-00448,2026-05-01T14:21:46,ROUTE_UK_01,UK-Mobile,answered,305,3.99,2.22,97.43,present,200
CALL-00449,2026-05-01T14:22:04,ROUTE_ES_05,Spain-Mobile,answered,597,3.99,0.64,60.62,present,200
CALL-00450,2026-05-01T14:22:22,ROUTE_FR_03,France-Mobile,answered,307,6.39,0.62,52.85,missing,200
CALL-00451,2026-05-01T14:22:40,ROUTE_UK_01,UK-Mobile,answered,460,3.76,2.48,82.53,present,200
CALL-00452,2026-05-01T14:22:58,ROUTE_DE_02,Germany-Fixed,busy,0,3.39,0.69,68.62,present,486
CALL-00453,2026-05-01T14:23:16,ROUTE_IT_04,Italy-Fixed,answered,1,10.41,3.47,258.0,present,200
CALL-00454,2026-05-01T14:23:34,ROUTE_UK_01,UK-Mobile,no_answer,0,3.44,2.83,155.69,present,408
CALL-00455,2026-05-01T14:23:52,ROUTE_DE_02,Germany-Fixed,answered,550,1.92,0.88,55.0,present,200
CALL-00456,2026-05-01T14:24:10,ROUTE_DE_02,Germany-Fixed,answered,1,1.32,0.25,49.29,present,200
CALL-00457,2026-05-01T14:24:28,ROUTE_ES_05,Spain-Mobile,busy,0,1.76,1.24,50.36,present,486
CALL-00458,2026-05-01T14:24:46,ROUTE_UK_01,UK-Mobile,answered,71,8.25,2.97,97.53,present,200
CALL-00459,2026-05-01T14:25:04,ROUTE_ES_05,Spain-Mobile,answered,305,4.26,0.27,60.87,present,200
CALL-00460,2026-05-01T14:25:22,ROUTE_ES_05,Spain-Mobile,answered,422,2.33,0.4,40.33,present,200
CALL-00461,2026-05-01T14:25:40,ROUTE_UK_01,UK-Mobile,answered,242,5.77,2.05,131.88,present,200
CALL-00462,2026-05-01T14:25:58,ROUTE_IT_04,Italy-Fixed,no_answer,0,8.51,3.0,189.15,present,408
CALL-00463,2026-05-01T14:26:16,ROUTE_ES_05,Spain-Mobile,busy,0,2.93,0.21,97.92,present,486
CALL-00464,2026-05-01T14:26:34,ROUTE_IT_04,Italy-Fixed,failed,0,8.49,2.36,137.31,present,503
CALL-00465,2026-05-01T14:26:52,ROUTE_UK_01,UK-Mobile,failed,0,8.84,2.1,71.76,present,503
CALL-00466,2026-05-01T14:27:10,ROUTE_IT_04,Italy-Fixed,answered,326,6.6,1.65,124.98,present,200
CALL-00467,2026-05-01T14:27:28,ROUTE_IT_04,Italy-Fixed,no_answer,0,5.89,4.24,158.88,present,408
CALL-00468,2026-05-01T14:27:46,ROUTE_ES_05,Spain-Mobile,answered,171,3.78,1.55,95.07,present,200
CALL-00469,2026-05-01T14:28:04,ROUTE_UK_01,UK-Mobile,answered,393,3.47,2.48,104.11,missing,200
CALL-00470,2026-05-01T14:28:22,ROUTE_ES_05,Spain-Mobile,no_answer,0,4.7,1.62,42.99,present,408
CALL-00471,2026-05-01T14:28:40,ROUTE_ES_05,Spain-Mobile,answered,189,3.3,1.64,69.01,present,200
CALL-00472,2026-05-01T14:28:58,ROUTE_UK_01,UK-Mobile,answered,264,4.46,1.46,71.78,present,200
CALL-00473,2026-05-01T14:29:16,ROUTE_DE_02,Germany-Fixed,answered,375,1.11,1.1,45.64,present,200
CALL-00474,2026-05-01T14:29:34,ROUTE_DE_02,Germany-Fixed,answered,307,2.5,0.73,50.79,missing,200
CALL-00475,2026-05-01T14:29:52,ROUTE_IT_04,Italy-Fixed,no_answer,0,5.9,1.38,152.49,present,408
CALL-00476,2026-05-01T14:30:10,ROUTE_IT_04,Italy-Fixed,answered,338,9.69,2.33,188.51,present,200
CALL-00477,2026-05-01T14:30:28,ROUTE_UK_01,UK-Mobile,no_answer,0,4.02,2.32,143.65,present,408
CALL-00478,2026-05-01T14:30:46,ROUTE_DE_02,Germany-Fixed,answered,536,1.8,0.09,87.45,present,200
CALL-00479,2026-05-01T14:31:04,ROUTE_IT_04,Italy-Fixed,failed,0,9.13,1.5,149.56,present,503
CALL-00480,2026-05-01T14:31:22,ROUTE_IT_04,Italy-Fixed,no_answer,0,8.3,1.94,212.83,present,408
CALL-00481,2026-05-01T14:31:40,ROUTE_ES_05,Spain-Mobile,busy,0,3.3,1.47,51.65,present,486
CALL-00482,2026-05-01T14:31:58,ROUTE_UK_01,UK-Mobile,answered,150,5.44,1.2,92.17,present,200
CALL-00483,2026-05-01T14:32:16,ROUTE_UK_01,UK-Mobile,answered,175,3.42,2.34,130.51,present,200
CALL-00484,2026-05-01T14:32:34,ROUTE_IT_04,Italy-Fixed,answered,1,8.4,1.37,104.79,present,200
CALL-00485,2026-05-01T14:32:52,ROUTE_FR_03,France-Mobile,no_answer,0,6.33,2.12,61.11,present,408
CALL-00486,2026-05-01T14:33:10,ROUTE_FR_03,France-Mobile,answered,452,4.62,0.87,139.59,present,200
CALL-00487,2026-05-01T14:33:28,ROUTE_UK_01,UK-Mobile,answered,530,8.62,2.58,166.57,present,200
CALL-00488,2026-05-01T14:33:46,ROUTE_DE_02,Germany-Fixed,answered,68,1.05,0.04,87.73,present,200
CALL-00489,2026-05-01T14:34:04,ROUTE_UK_01,UK-Mobile,answered,253,3.04,3.17,80.39,present,200
CALL-00490,2026-05-01T14:34:22,ROUTE_UK_01,UK-Mobile,answered,245,5.63,1.63,129.5,present,200
CALL-00491,2026-05-01T14:34:40,ROUTE_UK_01,UK-Mobile,answered,122,7.04,0.75,96.19,present,200
CALL-00492,2026-05-01T14:34:58,ROUTE_DE_02,Germany-Fixed,answered,55,1.74,0.28,44.44,present,200
CALL-00493,2026-05-01T14:35:16,ROUTE_IT_04,Italy-Fixed,answered,522,6.32,2.37,180.36,present,200
CALL-00494,2026-05-01T14:35:34,ROUTE_DE_02,Germany-Fixed,answered,415,3.73,1.07,33.11,present,200
CALL-00495,2026-05-01T14:35:52,ROUTE_ES_05,Spain-Mobile,no_answer,0,2.85,1.66,104.23,present,408
CALL-00496,2026-05-01T14:36:10,ROUTE_FR_03,France-Mobile,failed,0,3.55,1.86,97.11,present,503
CALL-00497,2026-05-01T14:36:28,ROUTE_ES_05,Spain-Mobile,answered,522,4.49,1.36,91.24,missing,200
CALL-00498,2026-05-01T14:36:46,ROUTE_UK_01,UK-Mobile,no_answer,0,7.91,1.17,72.06,missing,408
CALL-00499,2026-05-01T14:37:04,ROUTE_DE_02,Germany-Fixed,answered,515,3.71,0.99,80.31,present,200
CALL-00500,2026-05-01T14:37:22,ROUTE_UK_01,UK-Mobile,answered,3,3.84,2.78,83.52,missing,200
CALL-00501,2026-05-01T14:37:40,ROUTE_FR_03,France-Mobile,answered,194,5.13,1.15,58.08,present,200
CALL-00502,2026-05-01T14:37:58,ROUTE_IT_04,Italy-Fixed,failed,0,10.4,3.45,103.51,present,503
CALL-00503,2026-05-01T14:38:16,ROUTE_FR_03,France-Mobile,answered,57,4.19,1.42,77.92,missing,200
CALL-00504,2026-05-01T14:38:34,ROUTE_ES_05,Spain-Mobile,answered,290,4.88,0.38,89.65,missing,200
CALL-00505,2026-05-01T14:38:52,ROUTE_ES_05,Spain-Mobile,answered,2,4.0,0.23,115.59,missing,200
CALL-00506,2026-05-01T14:39:10,ROUTE_UK_01,UK-Mobile,answered,589,5.2,2.5,155.16,present,200
CALL-00507,2026-05-01T14:39:28,ROUTE_UK_01,UK-Mobile,failed,0,3.85,1.13,94.02,present,503
CALL-00508,2026-05-01T14:39:46,ROUTE_IT_04,Italy-Fixed,no_answer,0,8.01,1.06,104.23,present,408
CALL-00509,2026-05-01T14:40:04,ROUTE_ES_05,Spain-Mobile,answered,156,2.68,0.63,71.69,present,200
CALL-00510,2026-05-01T14:40:22,ROUTE_ES_05,Spain-Mobile,answered,242,4.87,1.37,91.67,present,200
CALL-00511,2026-05-01T14:40:40,ROUTE_FR_03,France-Mobile,answered,154,3.29,1.24,130.11,present,200
CALL-00512,2026-05-01T14:40:58,ROUTE_IT_04,Italy-Fixed,no_answer,0,7.88,3.36,167.44,present,408
CALL-00513,2026-05-01T14:41:16,ROUTE_ES_05,Spain-Mobile,failed,0,3.37,1.78,42.64,missing,503
CALL-00514,2026-05-01T14:41:34,ROUTE_IT_04,Italy-Fixed,answered,450,8.58,3.31,191.16,present,200
CALL-00515,2026-05-01T14:41:52,ROUTE_DE_02,Germany-Fixed,answered,45,3.38,0.33,33.52,missing,200
CALL-00516,2026-05-01T14:42:10,ROUTE_ES_05,Spain-Mobile,answered,249,3.15,1.48,66.91,missing,200
CALL-00517,2026-05-01T14:42:28,ROUTE_DE_02,Germany-Fixed,answered,225,2.04,0.74,88.63,present,200
CALL-00518,2026-05-01T14:42:46,ROUTE_FR_03,France-Mobile,failed,0,4.88,0.77,135.14,present,503
CALL-00519,2026-05-01T14:43:04,ROUTE_IT_04,Italy-Fixed,answered,370,10.85,4.1,201.43,missing,200
CALL-00520,2026-05-01T14:43:22,ROUTE_UK_01,UK-Mobile,busy,0,2.54,3.45,113.07,present,486
CALL-00521,2026-05-01T14:43:40,ROUTE_UK_01,UK-Mobile,no_answer,0,4.58,1.57,73.97,present,408
CALL-00522,2026-05-01T14:43:58,ROUTE_UK_01,UK-Mobile,answered,413,8.99,3.07,101.78,present,200
CALL-00523,2026-05-01T14:44:16,ROUTE_UK_01,UK-Mobile,answered,591,5.48,0.72,73.01,present,200
CALL-00524,2026-05-01T14:44:34,ROUTE_UK_01,UK-Mobile,answered,3,2.01,1.78,119.21,present,200
CALL-00525,2026-05-01T14:44:52,ROUTE_IT_04,Italy-Fixed,failed,0,7.76,3.19,140.15,present,503
CALL-00526,2026-05-01T14:45:10,ROUTE_IT_04,Italy-Fixed,busy,0,10.31,1.39,235.89,present,486
CALL-00527,2026-05-01T14:45:28,ROUTE_FR_03,France-Mobile,answered,288,4.86,1.79,63.5,present,200
CALL-00528,2026-05-01T14:45:46,ROUTE_FR_03,France-Mobile,answered,158,5.45,0.71,83.28,present,200
CALL-00529,2026-05-01T14:46:04,ROUTE_IT_04,Italy-Fixed,no_answer,0,7.17,1.54,152.29,present,408
CALL-00530,2026-05-01T14:46:22,ROUTE_FR_03,France-Mobile,answered,148,6.38,1.38,122.98,present,200
CALL-00531,2026-05-01T14:46:40,ROUTE_ES_05,Spain-Mobile,no_answer,0,2.02,1.51,72.47,present,408
CALL-00532,2026-05-01T14:46:58,ROUTE_UK_01,UK-Mobile,answered,112,6.86,0.52,160.51,present,200
CALL-00533,2026-05-01T14:47:16,ROUTE_DE_02,Germany-Fixed,answered,372,2.73,1.1,69.34,present,200
CALL-00534,2026-05-01T14:47:34,ROUTE_ES_05,Spain-Mobile,answered,503,4.44,0.23,87.93,present,200
CALL-00535,2026-05-01T14:47:52,ROUTE_FR_03,France-Mobile,no_answer,0,5.8,1.82,85.09,present,408
CALL-00536,2026-05-01T14:48:10,ROUTE_FR_03,France-Mobile,answered,2,3.15,2.07,117.26,present,200
CALL-00537,2026-05-01T14:48:28,ROUTE_IT_04,Italy-Fixed,answered,231,7.13,1.99,108.67,present,200
CALL-00538,2026-05-01T14:48:46,ROUTE_DE_02,Germany-Fixed,answered,108,2.66,0.91,41.2,present,200
CALL-00539,2026-05-01T14:49:04,ROUTE_FR_03,France-Mobile,answered,191,5.25,1.83,66.74,present,200
CALL-00540,2026-05-01T14:49:22,ROUTE_DE_02,Germany-Fixed,answered,539,3.9,0.36,39.13,present,200
CALL-00541,2026-05-01T14:49:40,ROUTE_IT_04,Italy-Fixed,no_answer,0,10.15,3.32,107.85,present,408
CALL-00542,2026-05-01T14:49:58,ROUTE_FR_03,France-Mobile,no_answer,0,4.85,1.14,60.21,present,408
CALL-00543,2026-05-01T14:50:16,ROUTE_DE_02,Germany-Fixed,answered,436,2.02,0.64,86.38,present,200
CALL-00544,2026-05-01T14:50:34,ROUTE_FR_03,France-Mobile,busy,0,5.02,0.8,68.79,present,486
CALL-00545,2026-05-01T14:50:52,ROUTE_ES_05,Spain-Mobile,answered,271,3.72,0.76,108.63,present,200
CALL-00546,2026-05-01T14:51:10,ROUTE_DE_02,Germany-Fixed,answered,550,1.06,0.7,30.71,present,200
CALL-00547,2026-05-01T14:51:28,ROUTE_IT_04,Italy-Fixed,answered,328,6.5,4.2,152.1,present,200
CALL-00548,2026-05-01T14:51:46,ROUTE_ES_05,Spain-Mobile,failed,0,3.07,0.96,67.36,present,503
CALL-00549,2026-05-01T14:52:04,ROUTE_UK_01,UK-Mobile,answered,356,2.67,2.0,132.82,present,200
CALL-00550,2026-05-01T14:52:22,ROUTE_DE_02,Germany-Fixed,answered,60,1.76,0.39,53.79,present,200
CALL-00551,2026-05-01T14:52:40,ROUTE_ES_05,Spain-Mobile,no_answer,0,2.71,1.56,63.36,present,408
CALL-00552,2026-05-01T14:52:58,ROUTE_IT_04,Italy-Fixed,answered,339,11.47,3.24,198.45,present,200
CALL-00553,2026-05-01T14:53:16,ROUTE_FR_03,France-Mobile,answered,287,6.79,1.34,137.77,present,200
CALL-00554,2026-05-01T14:53:34,ROUTE_UK_01,UK-Mobile,answered,344,4.78,0.32,123.47,present,200
CALL-00555,2026-05-01T14:53:52,ROUTE_IT_04,Italy-Fixed,failed,0,6.23,2.45,159.34,present,503
CALL-00556,2026-05-01T14:54:10,ROUTE_ES_05,Spain-Mobile,answered,495,1.57,0.1,95.41,present,200
CALL-00557,2026-05-01T14:54:28,ROUTE_IT_04,Italy-Fixed,answered,362,6.28,2.98,170.8,present,200
CALL-00558,2026-05-01T14:54:46,ROUTE_IT_04,Italy-Fixed,answered,2,10.4,3.69,125.44,present,200
CALL-00559,2026-05-01T14:55:04,ROUTE_FR_03,France-Mobile,answered,519,5.55,1.96,84.83,present,200
CALL-00560,2026-05-01T14:55:22,ROUTE_ES_05,Spain-Mobile,busy,0,2.46,0.84,103.85,present,486
CALL-00561,2026-05-01T14:55:40,ROUTE_ES_05,Spain-Mobile,answered,91,2.01,1.32,93.92,present,200
CALL-00562,2026-05-01T14:55:58,ROUTE_FR_03,France-Mobile,answered,54,5.84,1.69,90.99,present,200
CALL-00563,2026-05-01T14:56:16,ROUTE_FR_03,France-Mobile,busy,0,6.86,2.05,125.74,present,486
CALL-00564,2026-05-01T14:56:34,ROUTE_IT_04,Italy-Fixed,failed,0,5.18,2.95,141.21,present,503
CALL-00565,2026-05-01T14:56:52,ROUTE_DE_02,Germany-Fixed,answered,64,3.97,0.59,33.76,present,200
CALL-00566,2026-05-01T14:57:10,ROUTE_DE_02,Germany-Fixed,answered,162,3.12,0.94,36.62,missing,200
CALL-00567,2026-05-01T14:57:28,ROUTE_DE_02,Germany-Fixed,answered,397,2.19,0.3,79.87,present,200
CALL-00568,2026-05-01T14:57:46,ROUTE_ES_05,Spain-Mobile,answered,563,3.76,0.29,43.46,missing,200
CALL-00569,2026-05-01T14:58:04,ROUTE_IT_04,Italy-Fixed,answered,589,8.48,2.75,122.58,present,200
CALL-00570,2026-05-01T14:58:22,ROUTE_IT_04,Italy-Fixed,no_answer,0,11.43,2.1,184.05,present,408
CALL-00571,2026-05-01T14:58:40,ROUTE_FR_03,France-Mobile,answered,117,3.08,2.04,122.16,present,200
CALL-00572,2026-05-01T14:58:58,ROUTE_DE_02,Germany-Fixed,answered,91,1.7,0.97,42.0,present,200
CALL-00573,2026-05-01T14:59:16,ROUTE_IT_04,Italy-Fixed,answered,68,11.77,3.73,216.29,present,200
CALL-00574,2026-05-01T14:59:34,ROUTE_FR_03,France-Mobile,answered,469,6.78,1.02,120.06,present,200
CALL-00575,2026-05-01T14:59:52,ROUTE_ES_05,Spain-Mobile,no_answer,0,2.52,1.74,43.76,present,408
CALL-00576,2026-05-01T15:00:10,ROUTE_ES_05,Spain-Mobile,answered,113,4.35,1.29,81.75,present,200
CALL-00577,2026-05-01T15:00:28,ROUTE_FR_03,France-Mobile,answered,1,6.08,0.56,135.75,present,200
CALL-00578,2026-05-01T15:00:46,ROUTE_IT_04,Italy-Fixed,no_answer,0,5.8,1.3,220.6,present,408
CALL-00579,2026-05-01T15:01:04,ROUTE_ES_05,Spain-Mobile,busy,0,2.96,1.57,73.05,missing,486
CALL-00580,2026-05-01T15:01:22,ROUTE_FR_03,France-Mobile,answered,519,3.68,1.29,62.27,present,200
CALL-00581,2026-05-01T15:01:40,ROUTE_ES_05,Spain-Mobile,answered,459,4.97,0.11,79.26,present,200
CALL-00582,2026-05-01T15:01:58,ROUTE_DE_02,Germany-Fixed,answered,518,1.86,0.91,70.74,present,200
CALL-00583,2026-05-01T15:02:16,ROUTE_DE_02,Germany-Fixed,answered,384,2.09,0.14,89.71,present,200
CALL-00584,2026-05-01T15:02:34,ROUTE_IT_04,Italy-Fixed,no_answer,0,5.66,3.43,228.75,present,408
CALL-00585,2026-05-01T15:02:52,ROUTE_FR_03,France-Mobile,failed,0,6.31,2.12,110.76,present,503
CALL-00586,2026-05-01T15:03:10,ROUTE_IT_04,Italy-Fixed,answered,393,7.76,3.7,177.12,present,200
CALL-00587,2026-05-01T15:03:28,ROUTE_UK_01,UK-Mobile,no_answer,0,6.69,1.02,171.95,present,408
CALL-00588,2026-05-01T15:03:46,ROUTE_ES_05,Spain-Mobile,answered,420,4.95,0.42,111.4,present,200
CALL-00589,2026-05-01T15:04:04,ROUTE_IT_04,Italy-Fixed,no_answer,0,11.42,4.17,148.42,present,408
CALL-00590,2026-05-01T15:04:22,ROUTE_FR_03,France-Mobile,answered,111,5.9,1.31,130.93,present,200
CALL-00591,2026-05-01T15:04:40,ROUTE_FR_03,France-Mobile,no_answer,0,5.86,1.33,101.64,present,408
CALL-00592,2026-05-01T15:04:58,ROUTE_FR_03,France-Mobile,answered,347,6.06,0.97,83.92,present,200
CALL-00593,2026-05-01T15:05:16,ROUTE_DE_02,Germany-Fixed,answered,460,1.63,0.37,72.83,present,200
CALL-00594,2026-05-01T15:05:34,ROUTE_DE_02,Germany-Fixed,answered,313,2.76,0.2,58.65,present,200
CALL-00595,2026-05-01T15:05:52,ROUTE_FR_03,France-Mobile,failed,0,5.29,0.76,108.17,missing,503
CALL-00596,2026-05-01T15:06:10,ROUTE_UK_01,UK-Mobile,busy,0,4.64,2.77,141.6,present,486
CALL-00597,2026-05-01T15:06:28,ROUTE_FR_03,France-Mobile,busy,0,4.88,0.52,54.02,present,486
CALL-00598,2026-05-01T15:06:46,ROUTE_IT_04,Italy-Fixed,failed,0,10.29,4.33,222.67,present,503
CALL-00599,2026-05-01T15:07:04,ROUTE_IT_04,Italy-Fixed,busy,0,9.37,1.94,221.67,present,486
CALL-00600,2026-05-01T15:07:22,ROUTE_ES_05,Spain-Mobile,answered,494,2.99,0.5,95.57,present,200
CALL-00601,2026-05-01T15:07:40,ROUTE_ES_05,Spain-Mobile,failed,0,4.89,0.83,96.41,present,503
CALL-00602,2026-05-01T15:07:58,ROUTE_DE_02,Germany-Fixed,answered,265,3.52,0.04,35.61,present,200
CALL-00603,2026-05-01T15:08:16,ROUTE_DE_02,Germany-Fixed,answered,23,1.99,0.28,41.53,present,200
CALL-00604,2026-05-01T15:08:34,ROUTE_IT_04,Italy-Fixed,no_answer,0,6.63,3.48,164.11,present,408
CALL-00605,2026-05-01T15:08:52,ROUTE_FR_03,France-Mobile,failed,0,5.38,0.84,135.94,present,503
CALL-00606,2026-05-01T15:09:10,ROUTE_DE_02,Germany-Fixed,answered,90,3.11,0.4,87.41,present,200
CALL-00607,2026-05-01T15:09:28,ROUTE_FR_03,France-Mobile,answered,184,4.53,1.96,70.64,present,200
CALL-00608,2026-05-01T15:09:46,ROUTE_ES_05,Spain-Mobile,answered,103,3.13,1.16,107.31,present,200
CALL-00609,2026-05-01T15:10:04,ROUTE_DE_02,Germany-Fixed,answered,247,1.4,0.89,77.25,present,200
CALL-00610,2026-05-01T15:10:22,ROUTE_FR_03,France-Mobile,answered,252,6.57,0.59,56.94,present,200
CALL-00611,2026-05-01T15:10:40,ROUTE_FR_03,France-Mobile,no_answer,0,6.48,1.3,51.7,present,408
CALL-00612,2026-05-01T15:10:58,ROUTE_IT_04,Italy-Fixed,answered,574,6.23,1.31,161.58,present,200
CALL-00613,2026-05-01T15:11:16,ROUTE_FR_03,France-Mobile,failed,0,3.35,1.29,121.9,present,503
CALL-00614,2026-05-01T15:11:34,ROUTE_FR_03,France-Mobile,answered,365,3.75,1.02,89.26,missing,200
CALL-00615,2026-05-01T15:11:52,ROUTE_DE_02,Germany-Fixed,answered,496,2.86,0.09,75.51,present,200
CALL-00616,2026-05-01T15:12:10,ROUTE_FR_03,France-Mobile,no_answer,0,4.88,0.98,98.32,present,408
CALL-00617,2026-05-01T15:12:28,ROUTE_DE_02,Germany-Fixed,answered,3,2.73,0.29,84.19,present,200
CALL-00618,2026-05-01T15:12:46,ROUTE_IT_04,Italy-Fixed,answered,246,6.03,3.62,183.92,missing,200
CALL-00619,2026-05-01T15:13:04,ROUTE_IT_04,Italy-Fixed,answered,581,5.43,2.22,227.1,present,200
CALL-00620,2026-05-01T15:13:22,ROUTE_ES_05,Spain-Mobile,answered,404,2.89,1.0,118.7,present,200
CALL-00621,2026-05-01T15:13:40,ROUTE_UK_01,UK-Mobile,answered,196,7.12,0.68,168.13,present,200
CALL-00622,2026-05-01T15:13:58,ROUTE_UK_01,UK-Mobile,answered,503,2.88,2.76,172.62,present,200
CALL-00623,2026-05-01T15:14:16,ROUTE_FR_03,France-Mobile,answered,3,6.84,1.63,115.79,present,200
CALL-00624,2026-05-01T15:14:34,ROUTE_IT_04,Italy-Fixed,failed,0,11.86,3.18,148.71,present,503
CALL-00625,2026-05-01T15:14:52,ROUTE_IT_04,Italy-Fixed,answered,195,6.74,4.21,182.57,present,200
CALL-00626,2026-05-01T15:15:10,ROUTE_FR_03,France-Mobile,no_answer,0,4.8,0.58,132.36,present,408
CALL-00627,2026-05-01T15:15:28,ROUTE_UK_01,UK-Mobile,answered,196,4.7,2.52,99.53,present,200
CALL-00628,2026-05-01T15:15:46,ROUTE_IT_04,Italy-Fixed,answered,162,9.66,2.05,186.12,present,200
CALL-00629,2026-05-01T15:16:04,ROUTE_FR_03,France-Mobile,answered,529,4.66,0.61,135.77,present,200
CALL-00630,2026-05-01T15:16:22,ROUTE_UK_01,UK-Mobile,answered,153,7.0,3.33,178.33,present,200
CALL-00631,2026-05-01T15:16:40,ROUTE_FR_03,France-Mobile,answered,521,5.96,1.42,92.44,missing,200
CALL-00632,2026-05-01T15:16:58,ROUTE_ES_05,Spain-Mobile,answered,561,4.79,1.1,105.54,present,200
CALL-00633,2026-05-01T15:17:16,ROUTE_FR_03,France-Mobile,failed,0,6.96,1.56,110.86,present,503
CALL-00634,2026-05-01T15:17:34,ROUTE_DE_02,Germany-Fixed,answered,344,1.53,1.19,37.03,present,200
CALL-00635,2026-05-01T15:17:52,ROUTE_UK_01,UK-Mobile,no_answer,0,7.53,0.29,89.05,present,408
CALL-00636,2026-05-01T15:18:10,ROUTE_ES_05,Spain-Mobile,no_answer,0,2.79,1.06,82.89,present,408
CALL-00637,2026-05-01T15:18:28,ROUTE_FR_03,France-Mobile,answered,419,5.76,0.66,56.62,present,200
CALL-00638,2026-05-01T15:18:46,ROUTE_FR_03,France-Mobile,busy,0,4.34,1.72,104.55,present,486
CALL-00639,2026-05-01T15:19:04,ROUTE_DE_02,Germany-Fixed,answered,279,3.3,1.12,42.59,present,200
CALL-00640,2026-05-01T15:19:22,ROUTE_DE_02,Germany-Fixed,answered,448,3.91,0.55,31.9,present,200
CALL-00641,2026-05-01T15:19:40,ROUTE_ES_05,Spain-Mobile,answered,127,2.75,0.32,86.79,present,200
CALL-00642,2026-05-01T15:19:58,ROUTE_FR_03,France-Mobile,no_answer,0,3.18,2.17,52.39,present,408
CALL-00643,2026-05-01T15:20:16,ROUTE_DE_02,Germany-Fixed,answered,433,2.23,0.34,68.83,present,200
CALL-00644,2026-05-01T15:20:34,ROUTE_IT_04,Italy-Fixed,failed,0,10.93,2.62,111.01,present,503
CALL-00645,2026-05-01T15:20:52,ROUTE_DE_02,Germany-Fixed,failed,0,3.03,0.73,66.36,missing,503
CALL-00646,2026-05-01T15:21:10,ROUTE_FR_03,France-Mobile,answered,63,3.64,1.99,81.64,present,200
CALL-00647,2026-05-01T15:21:28,ROUTE_FR_03,France-Mobile,failed,0,5.65,1.16,135.99,present,503
CALL-00648,2026-05-01T15:21:46,ROUTE_DE_02,Germany-Fixed,answered,111,2.49,0.89,60.86,present,200
CALL-00649,2026-05-01T15:22:04,ROUTE_FR_03,France-Mobile,busy,0,3.64,0.85,112.11,missing,486
CALL-00650,2026-05-01T15:22:22,ROUTE_ES_05,Spain-Mobile,answered,122,3.65,1.77,115.53,present,200
CALL-00651,2026-05-01T15:22:40,ROUTE_FR_03,France-Mobile,no_answer,0,3.32,0.94,97.1,present,408
CALL-00652,2026-05-01T15:22:58,ROUTE_DE_02,Germany-Fixed,answered,455,1.54,0.84,47.8,present,200
CALL-00653,2026-05-01T15:23:16,ROUTE_UK_01,UK-Mobile,failed,0,3.85,2.7,91.8,present,503
CALL-00654,2026-05-01T15:23:34,ROUTE_FR_03,France-Mobile,answered,158,3.43,1.64,61.54,present,200
CALL-00655,2026-05-01T15:23:52,ROUTE_ES_05,Spain-Mobile,answered,512,4.86,1.13,83.15,present,200
CALL-00656,2026-05-01T15:24:10,ROUTE_DE_02,Germany-Fixed,busy,0,2.41,0.98,38.1,present,486
CALL-00657,2026-05-01T15:24:28,ROUTE_DE_02,Germany-Fixed,answered,490,1.42,0.48,57.37,missing,200
CALL-00658,2026-05-01T15:24:46,ROUTE_IT_04,Italy-Fixed,failed,0,8.89,3.34,216.6,present,503
CALL-00659,2026-05-01T15:25:04,ROUTE_UK_01,UK-Mobile,answered,398,2.55,3.01,149.37,present,200
CALL-00660,2026-05-01T15:25:22,ROUTE_UK_01,UK-Mobile,busy,0,6.88,2.91,100.35,present,486
CALL-00661,2026-05-01T15:25:40,ROUTE_FR_03,France-Mobile,answered,561,5.55,1.88,73.11,present,200
CALL-00662,2026-05-01T15:25:58,ROUTE_FR_03,France-Mobile,answered,278,3.05,2.04,96.93,present,200
CALL-00663,2026-05-01T15:26:16,ROUTE_DE_02,Germany-Fixed,answered,355,3.72,0.29,74.7,present,200
CALL-00664,2026-05-01T15:26:34,ROUTE_FR_03,France-Mobile,failed,0,4.05,1.19,94.22,present,503
CALL-00665,2026-05-01T15:26:52,ROUTE_IT_04,Italy-Fixed,failed,0,10.29,2.53,131.79,present,503
CALL-00666,2026-05-01T15:27:10,ROUTE_IT_04,Italy-Fixed,busy,0,9.5,1.23,233.05,present,486
CALL-00667,2026-05-01T15:27:28,ROUTE_IT_04,Italy-Fixed,failed,0,10.53,3.26,145.09,present,503
CALL-00668,2026-05-01T15:27:46,ROUTE_FR_03,France-Mobile,failed,0,3.78,0.94,136.34,missing,503
CALL-00669,2026-05-01T15:28:04,ROUTE_IT_04,Italy-Fixed,failed,0,8.65,4.22,156.35,present,503
CALL-00670,2026-05-01T15:28:22,ROUTE_FR_03,France-Mobile,answered,360,3.98,1.77,77.15,present,200
CALL-00671,2026-05-01T15:28:40,ROUTE_FR_03,France-Mobile,answered,117,3.43,1.4,90.4,missing,200
CALL-00672,2026-05-01T15:28:58,ROUTE_DE_02,Germany-Fixed,answered,173,1.11,1.04,33.37,present,200
CALL-00673,2026-05-01T15:29:16,ROUTE_DE_02,Germany-Fixed,failed,0,2.28,0.29,59.11,present,503
CALL-00674,2026-05-01T15:29:34,ROUTE_IT_04,Italy-Fixed,busy,0,9.22,2.36,226.0,present,486
CALL-00675,2026-05-01T15:29:52,ROUTE_DE_02,Germany-Fixed,answered,72,3.17,0.44,68.52,present,200
CALL-00676,2026-05-01T15:30:10,ROUTE_DE_02,Germany-Fixed,answered,426,2.09,1.12,76.12,present,200
CALL-00677,2026-05-01T15:30:28,ROUTE_IT_04,Italy-Fixed,answered,195,6.21,1.38,100.08,present,200
CALL-00678,2026-05-01T15:30:46,ROUTE_IT_04,Italy-Fixed,busy,0,10.93,1.32,212.54,present,486
CALL-00679,2026-05-01T15:31:04,ROUTE_FR_03,France-Mobile,answered,284,3.77,2.0,125.49,present,200
CALL-00680,2026-05-01T15:31:22,ROUTE_IT_04,Italy-Fixed,no_answer,0,10.78,2.31,222.91,missing,408
CALL-00681,2026-05-01T15:31:40,ROUTE_ES_05,Spain-Mobile,answered,3,2.22,1.52,51.13,present,200
CALL-00682,2026-05-01T15:31:58,ROUTE_DE_02,Germany-Fixed,answered,192,3.46,0.57,76.64,present,200
CALL-00683,2026-05-01T15:32:16,ROUTE_ES_05,Spain-Mobile,answered,127,3.94,0.46,46.2,present,200
CALL-00684,2026-05-01T15:32:34,ROUTE_ES_05,Spain-Mobile,answered,416,2.24,1.4,72.8,present,200
CALL-00685,2026-05-01T15:32:52,ROUTE_IT_04,Italy-Fixed,answered,275,8.67,1.8,210.05,present,200
CALL-00686,2026-05-01T15:33:10,ROUTE_DE_02,Germany-Fixed,answered,352,3.67,0.33,87.97,present,200
CALL-00687,2026-05-01T15:33:28,ROUTE_FR_03,France-Mobile,answered,413,5.02,1.29,67.43,present,200
CALL-00688,2026-05-01T15:33:46,ROUTE_DE_02,Germany-Fixed,answered,293,1.5,0.54,77.06,present,200
CALL-00689,2026-05-01T15:34:04,ROUTE_UK_01,UK-Mobile,answered,357,6.01,3.45,133.6,missing,200
CALL-00690,2026-05-01T15:34:22,ROUTE_FR_03,France-Mobile,answered,204,6.35,1.61,71.13,present,200
CALL-00691,2026-05-01T15:34:40,ROUTE_UK_01,UK-Mobile,answered,120,7.61,2.74,146.79,present,200
CALL-00692,2026-05-01T15:34:58,ROUTE_IT_04,Italy-Fixed,busy,0,7.99,3.86,126.89,present,486
CALL-00693,2026-05-01T15:35:16,ROUTE_ES_05,Spain-Mobile,answered,166,2.83,0.92,95.35,present,200
CALL-00694,2026-05-01T15:35:34,ROUTE_UK_01,UK-Mobile,no_answer,0,3.94,0.43,157.6,present,408
CALL-00695,2026-05-01T15:35:52,ROUTE_ES_05,Spain-Mobile,answered,437,4.78,0.76,56.81,present,200
CALL-00696,2026-05-01T15:36:10,ROUTE_DE_02,Germany-Fixed,answered,590,2.97,0.05,36.74,present,200
CALL-00697,2026-05-01T15:36:28,ROUTE_ES_05,Spain-Mobile,no_answer,0,3.86,1.36,63.44,present,408
CALL-00698,2026-05-01T15:36:46,ROUTE_UK_01,UK-Mobile,no_answer,0,4.46,0.76,94.24,present,408
CALL-00699,2026-05-01T15:37:04,ROUTE_IT_04,Italy-Fixed,answered,333,11.88,3.67,177.42,present,200
CALL-00700,2026-05-01T15:37:22,ROUTE_IT_04,Italy-Fixed,no_answer,0,9.79,1.05,208.34,present,408
CALL-00701,2026-05-01T15:37:40,ROUTE_IT_04,Italy-Fixed,busy,0,10.81,3.1,181.1,present,486
CALL-00702,2026-05-01T15:37:58,ROUTE_FR_03,France-Mobile,answered,587,6.66,0.97,103.79,present,200
CALL-00703,2026-05-01T15:38:16,ROUTE_FR_03,France-Mobile,answered,2,6.63,1.46,103.19,present,200
CALL-00704,2026-05-01T15:38:34,ROUTE_IT_04,Italy-Fixed,failed,0,8.65,2.17,252.57,present,503
CALL-00705,2026-05-01T15:38:52,ROUTE_UK_01,UK-Mobile,busy,0,2.33,0.32,157.6,present,486
CALL-00706,2026-05-01T15:39:10,ROUTE_ES_05,Spain-Mobile,answered,529,3.18,0.22,78.25,present,200
CALL-00707,2026-05-01T15:39:28,ROUTE_FR_03,France-Mobile,failed,0,5.24,1.77,66.38,present,503
CALL-00708,2026-05-01T15:39:46,ROUTE_DE_02,Germany-Fixed,busy,0,2.44,0.38,65.51,present,486
CALL-00709,2026-05-01T15:40:04,ROUTE_IT_04,Italy-Fixed,failed,0,6.25,1.94,171.19,present,503
CALL-00710,2026-05-01T15:40:22,ROUTE_UK_01,UK-Mobile,busy,0,2.73,0.98,109.24,present,486
CALL-00711,2026-05-01T15:40:40,ROUTE_UK_01,UK-Mobile,busy,0,6.19,3.2,122.12,present,486
CALL-00712,2026-05-01T15:40:58,ROUTE_IT_04,Italy-Fixed,busy,0,11.68,2.5,118.27,present,486
CALL-00713,2026-05-01T15:41:16,ROUTE_DE_02,Germany-Fixed,busy,0,3.42,0.24,70.33,present,486
CALL-00714,2026-05-01T15:41:34,ROUTE_UK_01,UK-Mobile,busy,0,7.4,0.77,150.97,present,486
CALL-00715,2026-05-01T15:41:52,ROUTE_UK_01,UK-Mobile,answered,529,7.9,0.83,97.76,present,200
CALL-00716,2026-05-01T15:42:10,ROUTE_DE_02,Germany-Fixed,answered,486,2.76,0.98,78.34,present,200
CALL-00717,2026-05-01T15:42:28,ROUTE_DE_02,Germany-Fixed,answered,584,1.46,0.31,74.93,present,200
CALL-00718,2026-05-01T15:42:46,ROUTE_DE_02,Germany-Fixed,answered,324,2.03,0.4,88.23,present,200
CALL-00719,2026-05-01T15:43:04,ROUTE_IT_04,Italy-Fixed,failed,0,10.81,2.07,145.56,present,503
CALL-00720,2026-05-01T15:43:22,ROUTE_UK_01,UK-Mobile,answered,3,4.44,2.52,95.01,missing,200
CALL-00721,2026-05-01T15:43:40,ROUTE_DE_02,Germany-Fixed,answered,268,1.62,1.03,51.82,present,200
CALL-00722,2026-05-01T15:43:58,ROUTE_DE_02,Germany-Fixed,answered,258,2.35,0.71,65.11,present,200
CALL-00723,2026-05-01T15:44:16,ROUTE_UK_01,UK-Mobile,answered,1,4.75,1.72,136.4,present,200
CALL-00724,2026-05-01T15:44:34,ROUTE_FR_03,France-Mobile,answered,86,5.67,1.71,113.45,present,200
CALL-00725,2026-05-01T15:44:52,ROUTE_IT_04,Italy-Fixed,answered,448,8.7,3.03,235.82,present,200
CALL-00726,2026-05-01T15:45:10,ROUTE_FR_03,France-Mobile,failed,0,3.42,1.24,103.01,present,503
CALL-00727,2026-05-01T15:45:28,ROUTE_UK_01,UK-Mobile,failed,0,5.56,3.05,135.52,present,503
CALL-00728,2026-05-01T15:45:46,ROUTE_IT_04,Italy-Fixed,answered,385,10.14,2.65,239.49,present,200
CALL-00729,2026-05-01T15:46:04,ROUTE_FR_03,France-Mobile,answered,521,5.65,0.73,87.52,present,200
CALL-00730,2026-05-01T15:46:22,ROUTE_IT_04,Italy-Fixed,answered,2,5.56,2.29,149.41,present,200
CALL-00731,2026-05-01T15:46:40,ROUTE_DE_02,Germany-Fixed,answered,1,2.94,0.63,53.76,present,200
CALL-00732,2026-05-01T15:46:58,ROUTE_FR_03,France-Mobile,failed,0,4.48,2.01,96.93,present,503
CALL-00733,2026-05-01T15:47:16,ROUTE_DE_02,Germany-Fixed,answered,587,1.2,0.85,82.6,present,200
CALL-00734,2026-05-01T15:47:34,ROUTE_ES_05,Spain-Mobile,answered,229,1.92,1.04,96.74,present,200
CALL-00735,2026-05-01T15:47:52,ROUTE_DE_02,Germany-Fixed,answered,97,3.88,0.98,46.71,present,200
CALL-00736,2026-05-01T15:48:10,ROUTE_UK_01,UK-Mobile,answered,216,2.55,1.89,178.13,missing,200
CALL-00737,2026-05-01T15:48:28,ROUTE_IT_04,Italy-Fixed,failed,0,7.83,4.24,107.19,present,503
CALL-00738,2026-05-01T15:48:46,ROUTE_IT_04,Italy-Fixed,answered,351,6.42,1.41,259.38,present,200
CALL-00739,2026-05-01T15:49:04,ROUTE_FR_03,France-Mobile,answered,148,6.73,1.97,89.15,present,200
CALL-00740,2026-05-01T15:49:22,ROUTE_ES_05,Spain-Mobile,busy,0,1.83,1.56,63.07,present,486
CALL-00741,2026-05-01T15:49:40,ROUTE_ES_05,Spain-Mobile,answered,3,2.41,1.32,51.21,present,200
CALL-00742,2026-05-01T15:49:58,ROUTE_ES_05,Spain-Mobile,no_answer,0,3.4,1.37,54.59,present,408
CALL-00743,2026-05-01T15:50:16,ROUTE_DE_02,Germany-Fixed,no_answer,0,3.92,1.17,77.74,present,408
CALL-00744,2026-05-01T15:50:34,ROUTE_UK_01,UK-Mobile,answered,288,4.35,1.37,98.62,present,200
CALL-00745,2026-05-01T15:50:52,ROUTE_IT_04,Italy-Fixed,answered,560,7.11,1.37,145.89,present,200
CALL-00746,2026-05-01T15:51:10,ROUTE_DE_02,Germany-Fixed,answered,119,2.13,0.83,40.17,present,200
CALL-00747,2026-05-01T15:51:28,ROUTE_FR_03,France-Mobile,busy,0,4.52,1.67,68.43,present,486
CALL-00748,2026-05-01T15:51:46,ROUTE_DE_02,Germany-Fixed,answered,206,2.71,0.87,55.99,present,200
CALL-00749,2026-05-01T15:52:04,ROUTE_DE_02,Germany-Fixed,answered,520,3.02,0.6,83.59,present,200
CALL-00750,2026-05-01T15:52:22,ROUTE_FR_03,France-Mobile,answered,575,3.71,1.28,126.47,present,200
CALL-00751,2026-05-01T15:52:40,ROUTE_UK_01,UK-Mobile,answered,463,4.57,0.96,85.15,present,200
CALL-00752,2026-05-01T15:52:58,ROUTE_DE_02,Germany-Fixed,answered,239,3.45,0.46,81.78,present,200
CALL-00753,2026-05-01T15:53:16,ROUTE_ES_05,Spain-Mobile,answered,244,1.77,0.15,58.02,present,200
CALL-00754,2026-05-01T15:53:34,ROUTE_DE_02,Germany-Fixed,answered,178,3.53,0.07,72.81,present,200
CALL-00755,2026-05-01T15:53:52,ROUTE_DE_02,Germany-Fixed,answered,229,1.94,0.57,61.02,present,200
CALL-00756,2026-05-01T15:54:10,ROUTE_DE_02,Germany-Fixed,answered,484,2.94,0.53,85.87,present,200
CALL-00757,2026-05-01T15:54:28,ROUTE_UK_01,UK-Mobile,no_answer,0,7.97,2.56,117.79,present,408
CALL-00758,2026-05-01T15:54:46,ROUTE_UK_01,UK-Mobile,answered,517,5.33,1.8,84.28,present,200
CALL-00759,2026-05-01T15:55:04,ROUTE_FR_03,France-Mobile,answered,157,4.68,1.13,117.75,present,200
CALL-00760,2026-05-01T15:55:22,ROUTE_DE_02,Germany-Fixed,answered,293,1.86,1.11,46.63,present,200
CALL-00761,2026-05-01T15:55:40,ROUTE_DE_02,Germany-Fixed,answered,183,2.91,0.58,37.77,present,200
CALL-00762,2026-05-01T15:55:58,ROUTE_DE_02,Germany-Fixed,busy,0,1.89,0.64,57.47,present,486
CALL-00763,2026-05-01T15:56:16,ROUTE_IT_04,Italy-Fixed,answered,194,9.21,3.06,216.86,present,200
CALL-00764,2026-05-01T15:56:34,ROUTE_IT_04,Italy-Fixed,failed,0,6.46,4.36,212.54,present,503
CALL-00765,2026-05-01T15:56:52,ROUTE_ES_05,Spain-Mobile,no_answer,0,2.2,0.39,92.98,present,408
CALL-00766,2026-05-01T15:57:10,ROUTE_IT_04,Italy-Fixed,busy,0,9.51,1.76,229.69,present,486
CALL-00767,2026-05-01T15:57:28,ROUTE_ES_05,Spain-Mobile,answered,535,2.05,0.25,48.08,present,200
CALL-00768,2026-05-01T15:57:46,ROUTE_DE_02,Germany-Fixed,answered,84,3.27,0.03,74.96,present,200
CALL-00769,2026-05-01T15:58:04,ROUTE_DE_02,Germany-Fixed,answered,563,2.24,0.22,33.77,present,200
CALL-00770,2026-05-01T15:58:22,ROUTE_FR_03,France-Mobile,failed,0,5.76,0.69,53.28,present,503
CALL-00771,2026-05-01T15:58:40,ROUTE_IT_04,Italy-Fixed,failed,0,10.42,4.38,197.09,present,503
CALL-00772,2026-05-01T15:58:58,ROUTE_IT_04,Italy-Fixed,no_answer,0,8.19,3.8,152.56,present,408
CALL-00773,2026-05-01T15:59:16,ROUTE_IT_04,Italy-Fixed,answered,319,6.54,3.34,173.59,present,200
CALL-00774,2026-05-01T15:59:34,ROUTE_ES_05,Spain-Mobile,answered,376,3.98,0.4,89.52,present,200
CALL-00775,2026-05-01T15:59:52,ROUTE_DE_02,Germany-Fixed,answered,94,1.67,0.89,78.16,missing,200
CALL-00776,2026-05-01T16:00:10,ROUTE_ES_05,Spain-Mobile,answered,143,3.95,0.43,119.41,present,200
CALL-00777,2026-05-01T16:00:28,ROUTE_ES_05,Spain-Mobile,answered,454,4.37,0.77,88.1,missing,200
CALL-00778,2026-05-01T16:00:46,ROUTE_ES_05,Spain-Mobile,answered,3,3.03,1.43,63.71,present,200
CALL-00779,2026-05-01T16:01:04,ROUTE_UK_01,UK-Mobile,no_answer,0,6.14,0.67,111.67,present,408
CALL-00780,2026-05-01T16:01:22,ROUTE_FR_03,France-Mobile,answered,21,4.58,0.99,83.86,present,200
CALL-00781,2026-05-01T16:01:40,ROUTE_FR_03,France-Mobile,failed,0,4.35,0.82,137.33,present,503
CALL-00782,2026-05-01T16:01:58,ROUTE_FR_03,France-Mobile,no_answer,0,5.94,1.14,107.02,present,408
CALL-00783,2026-05-01T16:02:16,ROUTE_IT_04,Italy-Fixed,answered,1,8.1,1.43,146.65,present,200
CALL-00784,2026-05-01T16:02:34,ROUTE_ES_05,Spain-Mobile,busy,0,3.36,0.16,98.37,present,486
CALL-00785,2026-05-01T16:02:52,ROUTE_ES_05,Spain-Mobile,answered,573,3.84,0.9,88.65,present,200
CALL-00786,2026-05-01T16:03:10,ROUTE_ES_05,Spain-Mobile,answered,306,3.8,1.47,53.21,present,200
CALL-00787,2026-05-01T16:03:28,ROUTE_IT_04,Italy-Fixed,busy,0,10.59,1.28,239.73,present,486
CALL-00788,2026-05-01T16:03:46,ROUTE_DE_02,Germany-Fixed,answered,348,2.68,0.23,36.01,present,200
CALL-00789,2026-05-01T16:04:04,ROUTE_IT_04,Italy-Fixed,busy,0,11.72,4.16,153.19,present,486
CALL-00790,2026-05-01T16:04:22,ROUTE_UK_01,UK-Mobile,answered,524,7.53,2.85,141.66,present,200
CALL-00791,2026-05-01T16:04:40,ROUTE_FR_03,France-Mobile,no_answer,0,4.19,2.12,83.91,present,408
CALL-00792,2026-05-01T16:04:58,ROUTE_DE_02,Germany-Fixed,answered,417,2.68,1.18,71.94,present,200
CALL-00793,2026-05-01T16:05:16,ROUTE_UK_01,UK-Mobile,failed,0,7.59,1.3,139.07,present,503
CALL-00794,2026-05-01T16:05:34,ROUTE_UK_01,UK-Mobile,answered,455,3.25,0.97,129.29,present,200
CALL-00795,2026-05-01T16:05:52,ROUTE_IT_04,Italy-Fixed,no_answer,0,7.91,1.63,122.4,present,408
CALL-00796,2026-05-01T16:06:10,ROUTE_UK_01,UK-Mobile,answered,420,2.67,3.36,119.46,present,200
CALL-00797,2026-05-01T16:06:28,ROUTE_FR_03,France-Mobile,no_answer,0,3.42,0.98,50.35,present,408
CALL-00798,2026-05-01T16:06:46,ROUTE_UK_01,UK-Mobile,answered,579,2.36,1.36,164.19,present,200
CALL-00799,2026-05-01T16:07:04,ROUTE_FR_03,France-Mobile,answered,80,5.84,1.95,78.2,present,200
CALL-00800,2026-05-01T16:07:22,ROUTE_DE_02,Germany-Fixed,answered,1,2.18,0.63,33.78,present,200
CALL-00801,2026-05-01T16:07:40,ROUTE_DE_02,Germany-Fixed,answered,311,1.92,0.02,69.85,present,200
CALL-00802,2026-05-01T16:07:58,ROUTE_IT_04,Italy-Fixed,failed,0,9.74,3.8,177.43,present,503
CALL-00803,2026-05-01T16:08:16,ROUTE_FR_03,France-Mobile,failed,0,6.8,1.55,54.07,missing,503
CALL-00804,2026-05-01T16:08:34,ROUTE_ES_05,Spain-Mobile,answered,368,4.27,0.65,78.05,present,200
CALL-00805,2026-05-01T16:08:52,ROUTE_DE_02,Germany-Fixed,busy,0,2.33,0.25,38.44,missing,486
CALL-00806,2026-05-01T16:09:10,ROUTE_UK_01,UK-Mobile,no_answer,0,8.53,1.02,160.3,present,408
CALL-00807,2026-05-01T16:09:28,ROUTE_IT_04,Italy-Fixed,failed,0,9.5,2.33,259.7,present,503
CALL-00808,2026-05-01T16:09:46,ROUTE_ES_05,Spain-Mobile,no_answer,0,2.68,0.39,45.66,present,408
CALL-00809,2026-05-01T16:10:04,ROUTE_FR_03,France-Mobile,answered,599,3.92,1.03,112.33,present,200
CALL-00810,2026-05-01T16:10:22,ROUTE_IT_04,Italy-Fixed,busy,0,8.86,3.1,128.52,present,486
CALL-00811,2026-05-01T16:10:40,ROUTE_IT_04,Italy-Fixed,answered,86,7.32,3.04,213.57,missing,200
CALL-00812,2026-05-01T16:10:58,ROUTE_FR_03,France-Mobile,busy,0,3.61,1.41,126.93,present,486
CALL-00813,2026-05-01T16:11:16,ROUTE_FR_03,France-Mobile,answered,534,4.96,1.18,96.23,present,200
CALL-00814,2026-05-01T16:11:34,ROUTE_DE_02,Germany-Fixed,answered,444,1.43,0.36,51.98,present,200
CALL-00815,2026-05-01T16:11:52,ROUTE_DE_02,Germany-Fixed,answered,137,1.18,0.19,33.53,present,200
CALL-00816,2026-05-01T16:12:10,ROUTE_FR_03,France-Mobile,answered,366,6.37,0.87,138.56,present,200
CALL-00817,2026-05-01T16:12:28,ROUTE_IT_04,Italy-Fixed,failed,0,11.96,3.74,218.75,present,503
CALL-00818,2026-05-01T16:12:46,ROUTE_IT_04,Italy-Fixed,no_answer,0,9.63,3.72,204.11,present,408
CALL-00819,2026-05-01T16:13:04,ROUTE_ES_05,Spain-Mobile,answered,117,3.03,0.35,70.36,present,200
CALL-00820,2026-05-01T16:13:22,ROUTE_DE_02,Germany-Fixed,answered,492,3.06,1.19,52.87,missing,200
CALL-00821,2026-05-01T16:13:40,ROUTE_IT_04,Italy-Fixed,busy,0,6.32,1.59,206.38,present,486
CALL-00822,2026-05-01T16:13:58,ROUTE_DE_02,Germany-Fixed,failed,0,2.44,0.77,87.88,present,503
CALL-00823,2026-05-01T16:14:16,ROUTE_IT_04,Italy-Fixed,answered,352,5.55,4.3,141.8,present,200
CALL-00824,2026-05-01T16:14:34,ROUTE_FR_03,France-Mobile,answered,484,3.26,0.99,91.0,present,200
CALL-00825,2026-05-01T16:14:52,ROUTE_FR_03,France-Mobile,answered,151,5.76,1.87,117.21,present,200
CALL-00826,2026-05-01T16:15:10,ROUTE_DE_02,Germany-Fixed,answered,242,1.76,0.58,31.11,present,200
CALL-00827,2026-05-01T16:15:28,ROUTE_FR_03,France-Mobile,answered,298,5.72,2.07,58.6,present,200
CALL-00828,2026-05-01T16:15:46,ROUTE_ES_05,Spain-Mobile,answered,584,1.65,1.53,74.52,missing,200
CALL-00829,2026-05-01T16:16:04,ROUTE_IT_04,Italy-Fixed,busy,0,7.95,2.19,200.83,missing,486
CALL-00830,2026-05-01T16:16:22,ROUTE_DE_02,Germany-Fixed,answered,1,3.87,0.08,36.24,present,200
CALL-00831,2026-05-01T16:16:40,ROUTE_FR_03,France-Mobile,failed,0,5.8,0.92,116.72,present,503
CALL-00832,2026-05-01T16:16:58,ROUTE_ES_05,Spain-Mobile,answered,53,4.0,1.72,66.27,present,200
CALL-00833,2026-05-01T16:17:16,ROUTE_FR_03,France-Mobile,busy,0,6.34,1.64,75.85,present,486
CALL-00834,2026-05-01T16:17:34,ROUTE_ES_05,Spain-Mobile,answered,139,3.21,0.99,89.15,present,200
CALL-00835,2026-05-01T16:17:52,ROUTE_IT_04,Italy-Fixed,no_answer,0,7.76,4.09,157.35,present,408
CALL-00836,2026-05-01T16:18:10,ROUTE_FR_03,France-Mobile,answered,592,4.99,1.91,105.07,present,200
CALL-00837,2026-05-01T16:18:28,ROUTE_ES_05,Spain-Mobile,answered,580,3.97,1.0,42.14,present,200
CALL-00838,2026-05-01T16:18:46,ROUTE_ES_05,Spain-Mobile,answered,338,3.19,0.49,74.25,present,200
CALL-00839,2026-05-01T16:19:04,ROUTE_DE_02,Germany-Fixed,answered,86,1.54,1.08,87.77,present,200
CALL-00840,2026-05-01T16:19:22,ROUTE_IT_04,Italy-Fixed,no_answer,0,10.48,4.22,165.56,present,408
CALL-00841,2026-05-01T16:19:40,ROUTE_FR_03,France-Mobile,answered,441,3.72,2.01,52.42,present,200
CALL-00842,2026-05-01T16:19:58,ROUTE_UK_01,UK-Mobile,answered,167,2.35,0.58,112.9,present,200
CALL-00843,2026-05-01T16:20:16,ROUTE_FR_03,France-Mobile,answered,166,4.12,0.96,110.32,present,200
CALL-00844,2026-05-01T16:20:34,ROUTE_DE_02,Germany-Fixed,answered,41,2.31,0.98,31.89,present,200
CALL-00845,2026-05-01T16:20:52,ROUTE_UK_01,UK-Mobile,no_answer,0,6.51,0.48,154.99,present,408
CALL-00846,2026-05-01T16:21:10,ROUTE_IT_04,Italy-Fixed,answered,531,10.02,2.77,208.38,present,200
CALL-00847,2026-05-01T16:21:28,ROUTE_IT_04,Italy-Fixed,answered,189,11.95,1.46,137.27,present,200
CALL-00848,2026-05-01T16:21:46,ROUTE_ES_05,Spain-Mobile,answered,477,1.61,1.17,53.97,present,200
CALL-00849,2026-05-01T16:22:04,ROUTE_UK_01,UK-Mobile,no_answer,0,5.78,1.2,160.55,missing,408
CALL-00850,2026-05-01T16:22:22,ROUTE_FR_03,France-Mobile,answered,28,4.22,0.97,80.97,present,200
CALL-00851,2026-05-01T16:22:40,ROUTE_IT_04,Italy-Fixed,failed,0,5.75,1.31,131.29,present,503
CALL-00852,2026-05-01T16:22:58,ROUTE_UK_01,UK-Mobile,answered,48,2.6,0.83,101.09,present,200
CALL-00853,2026-05-01T16:23:16,ROUTE_UK_01,UK-Mobile,no_answer,0,8.27,1.69,91.18,missing,408
CALL-00854,2026-05-01T16:23:34,ROUTE_DE_02,Germany-Fixed,no_answer,0,1.93,0.76,80.29,present,408
CALL-00855,2026-05-01T16:23:52,ROUTE_DE_02,Germany-Fixed,answered,538,3.63,1.04,68.54,present,200
CALL-00856,2026-05-01T16:24:10,ROUTE_ES_05,Spain-Mobile,answered,595,3.75,1.63,107.79,present,200
CALL-00857,2026-05-01T16:24:28,ROUTE_IT_04,Italy-Fixed,failed,0,9.92,1.73,184.26,present,503
CALL-00858,2026-05-01T16:24:46,ROUTE_IT_04,Italy-Fixed,failed,0,8.14,2.42,160.04,present,503
CALL-00859,2026-05-01T16:25:04,ROUTE_IT_04,Italy-Fixed,answered,235,6.16,3.75,181.07,present,200
CALL-00860,2026-05-01T16:25:22,ROUTE_ES_05,Spain-Mobile,busy,0,4.98,1.25,82.49,present,486
CALL-00861,2026-05-01T16:25:40,ROUTE_IT_04,Italy-Fixed,answered,467,6.73,2.08,180.5,present,200
CALL-00862,2026-05-01T16:25:58,ROUTE_ES_05,Spain-Mobile,no_answer,0,4.97,1.11,52.28,present,408
CALL-00863,2026-05-01T16:26:16,ROUTE_DE_02,Germany-Fixed,no_answer,0,2.11,0.63,38.04,present,408
CALL-00864,2026-05-01T16:26:34,ROUTE_ES_05,Spain-Mobile,answered,495,2.82,1.51,101.3,missing,200
CALL-00865,2026-05-01T16:26:52,ROUTE_DE_02,Germany-Fixed,answered,102,1.69,0.67,86.0,present,200
CALL-00866,2026-05-01T16:27:10,ROUTE_DE_02,Germany-Fixed,answered,221,1.23,0.62,86.43,present,200
CALL-00867,2026-05-01T16:27:28,ROUTE_IT_04,Italy-Fixed,busy,0,10.08,2.31,162.88,present,486
CALL-00868,2026-05-01T16:27:46,ROUTE_UK_01,UK-Mobile,answered,350,4.85,0.78,72.38,missing,200
CALL-00869,2026-05-01T16:28:04,ROUTE_ES_05,Spain-Mobile,answered,375,2.15,0.82,73.28,present,200
CALL-00870,2026-05-01T16:28:22,ROUTE_UK_01,UK-Mobile,busy,0,4.7,1.45,145.03,present,486
CALL-00871,2026-05-01T16:28:40,ROUTE_FR_03,France-Mobile,answered,215,5.13,1.86,128.13,present,200
CALL-00872,2026-05-01T16:28:58,ROUTE_DE_02,Germany-Fixed,answered,84,1.37,1.06,82.68,present,200
CALL-00873,2026-05-01T16:29:16,ROUTE_UK_01,UK-Mobile,answered,493,4.94,2.23,150.52,present,200
CALL-00874,2026-05-01T16:29:34,ROUTE_IT_04,Italy-Fixed,answered,98,10.67,4.14,176.77,present,200
CALL-00875,2026-05-01T16:29:52,ROUTE_IT_04,Italy-Fixed,answered,450,8.17,3.85,202.93,present,200
CALL-00876,2026-05-01T16:30:10,ROUTE_UK_01,UK-Mobile,no_answer,0,2.85,3.13,106.25,missing,408
CALL-00877,2026-05-01T16:30:28,ROUTE_UK_01,UK-Mobile,answered,114,7.48,3.45,97.21,present,200
CALL-00878,2026-05-01T16:30:46,ROUTE_DE_02,Germany-Fixed,answered,293,3.63,1.05,58.86,present,200
CALL-00879,2026-05-01T16:31:04,ROUTE_ES_05,Spain-Mobile,failed,0,1.93,0.95,62.03,present,503
CALL-00880,2026-05-01T16:31:22,ROUTE_UK_01,UK-Mobile,answered,146,3.87,1.73,105.09,present,200
CALL-00881,2026-05-01T16:31:40,ROUTE_UK_01,UK-Mobile,no_answer,0,7.95,0.29,175.38,present,408
CALL-00882,2026-05-01T16:31:58,ROUTE_IT_04,Italy-Fixed,failed,0,7.04,4.03,139.84,present,503
CALL-00883,2026-05-01T16:32:16,ROUTE_FR_03,France-Mobile,answered,569,6.35,1.56,128.33,present,200
CALL-00884,2026-05-01T16:32:34,ROUTE_ES_05,Spain-Mobile,answered,273,4.33,0.36,59.97,present,200
CALL-00885,2026-05-01T16:32:52,ROUTE_UK_01,UK-Mobile,answered,113,2.87,2.82,112.18,present,200
CALL-00886,2026-05-01T16:33:10,ROUTE_FR_03,France-Mobile,failed,0,6.63,1.65,121.58,missing,503
CALL-00887,2026-05-01T16:33:28,ROUTE_DE_02,Germany-Fixed,answered,549,1.4,0.54,74.15,present,200
CALL-00888,2026-05-01T16:33:46,ROUTE_FR_03,France-Mobile,busy,0,6.69,1.63,63.35,present,486
CALL-00889,2026-05-01T16:34:04,ROUTE_FR_03,France-Mobile,no_answer,0,4.93,1.77,97.31,present,408
CALL-00890,2026-05-01T16:34:22,ROUTE_FR_03,France-Mobile,answered,100,6.73,0.78,106.1,present,200
CALL-00891,2026-05-01T16:34:40,ROUTE_UK_01,UK-Mobile,no_answer,0,2.6,1.9,149.53,present,408
CALL-00892,2026-05-01T16:34:58,ROUTE_DE_02,Germany-Fixed,answered,45,3.96,0.68,58.27,present,200
CALL-00893,2026-05-01T16:35:16,ROUTE_ES_05,Spain-Mobile,answered,350,2.29,0.54,117.69,present,200
CALL-00894,2026-05-01T16:35:34,ROUTE_FR_03,France-Mobile,failed,0,4.84,0.63,130.68,present,503
CALL-00895,2026-05-01T16:35:52,ROUTE_UK_01,UK-Mobile,answered,74,2.27,2.58,133.07,present,200
CALL-00896,2026-05-01T16:36:10,ROUTE_UK_01,UK-Mobile,busy,0,8.45,2.17,72.0,present,486
CALL-00897,2026-05-01T16:36:28,ROUTE_ES_05,Spain-Mobile,failed,0,4.75,0.67,87.8,present,503
CALL-00898,2026-05-01T16:36:46,ROUTE_DE_02,Germany-Fixed,answered,294,2.16,1.09,32.03,present,200
CALL-00899,2026-05-01T16:37:04,ROUTE_FR_03,France-Mobile,failed,0,4.03,0.58,135.39,present,503
CALL-00900,2026-05-01T16:37:22,ROUTE_UK_01,UK-Mobile,busy,0,4.57,2.49,134.36,present,486
CALL-00901,2026-05-01T16:37:40,ROUTE_UK_01,UK-Mobile,answered,388,5.98,2.76,142.7,present,200
CALL-00902,2026-05-01T16:37:58,ROUTE_DE_02,Germany-Fixed,failed,0,2.65,0.89,44.3,present,503
CALL-00903,2026-05-01T16:38:16,ROUTE_FR_03,France-Mobile,failed,0,3.8,0.56,95.96,present,503
CALL-00904,2026-05-01T16:38:34,ROUTE_FR_03,France-Mobile,no_answer,0,6.97,0.81,76.94,present,408
CALL-00905,2026-05-01T16:38:52,ROUTE_FR_03,France-Mobile,answered,111,6.43,0.96,125.58,present,200
CALL-00906,2026-05-01T16:39:10,ROUTE_DE_02,Germany-Fixed,answered,167,3.17,0.29,38.37,present,200
CALL-00907,2026-05-01T16:39:28,ROUTE_DE_02,Germany-Fixed,answered,309,2.19,0.09,77.92,present,200
CALL-00908,2026-05-01T16:39:46,ROUTE_IT_04,Italy-Fixed,answered,100,11.14,1.35,105.2,present,200
CALL-00909,2026-05-01T16:40:04,ROUTE_FR_03,France-Mobile,answered,538,4.97,1.36,53.09,present,200
CALL-00910,2026-05-01T16:40:22,ROUTE_DE_02,Germany-Fixed,answered,504,2.51,0.29,77.66,present,200
CALL-00911,2026-05-01T16:40:40,ROUTE_ES_05,Spain-Mobile,answered,447,4.27,0.79,75.44,present,200
CALL-00912,2026-05-01T16:40:58,ROUTE_FR_03,France-Mobile,answered,345,4.23,1.64,123.57,present,200
CALL-00913,2026-05-01T16:41:16,ROUTE_UK_01,UK-Mobile,answered,37,8.35,0.96,126.63,present,200
CALL-00914,2026-05-01T16:41:34,ROUTE_DE_02,Germany-Fixed,answered,272,1.93,0.62,83.3,present,200
CALL-00915,2026-05-01T16:41:52,ROUTE_FR_03,France-Mobile,answered,444,4.86,1.07,125.13,present,200
CALL-00916,2026-05-01T16:42:10,ROUTE_FR_03,France-Mobile,answered,263,3.33,1.36,115.96,present,200
CALL-00917,2026-05-01T16:42:28,ROUTE_FR_03,France-Mobile,answered,180,5.4,0.95,131.89,present,200
CALL-00918,2026-05-01T16:42:46,ROUTE_DE_02,Germany-Fixed,answered,589,3.26,0.77,54.94,present,200
CALL-00919,2026-05-01T16:43:04,ROUTE_UK_01,UK-Mobile,no_answer,0,8.18,3.06,90.3,present,408
CALL-00920,2026-05-01T16:43:22,ROUTE_ES_05,Spain-Mobile,no_answer,0,3.87,1.43,50.75,present,408
CALL-00921,2026-05-01T16:43:40,ROUTE_DE_02,Germany-Fixed,answered,46,2.02,1.13,57.06,present,200
CALL-00922,2026-05-01T16:43:58,ROUTE_DE_02,Germany-Fixed,answered,364,2.18,0.45,34.83,missing,200
CALL-00923,2026-05-01T16:44:16,ROUTE_UK_01,UK-Mobile,no_answer,0,4.07,1.21,140.79,present,408
CALL-00924,2026-05-01T16:44:34,ROUTE_UK_01,UK-Mobile,answered,210,8.02,2.29,74.19,present,200
CALL-00925,2026-05-01T16:44:52,ROUTE_UK_01,UK-Mobile,answered,261,8.27,0.45,166.31,present,200
CALL-00926,2026-05-01T16:45:10,ROUTE_UK_01,UK-Mobile,no_answer,0,5.81,2.16,164.35,present,408
CALL-00927,2026-05-01T16:45:28,ROUTE_FR_03,France-Mobile,busy,0,4.28,1.98,121.03,present,486
CALL-00928,2026-05-01T16:45:46,ROUTE_IT_04,Italy-Fixed,answered,279,9.37,4.29,141.85,present,200
CALL-00929,2026-05-01T16:46:04,ROUTE_FR_03,France-Mobile,answered,143,6.94,2.18,78.24,present,200
CALL-00930,2026-05-01T16:46:22,ROUTE_ES_05,Spain-Mobile,busy,0,2.63,1.68,51.56,present,486
CALL-00931,2026-05-01T16:46:40,ROUTE_DE_02,Germany-Fixed,answered,209,3.65,0.81,71.85,present,200
CALL-00932,2026-05-01T16:46:58,ROUTE_ES_05,Spain-Mobile,answered,96,4.53,1.03,49.96,missing,200
CALL-00933,2026-05-01T16:47:16,ROUTE_FR_03,France-Mobile,answered,316,5.63,2.07,61.65,present,200
CALL-00934,2026-05-01T16:47:34,ROUTE_UK_01,UK-Mobile,answered,187,6.97,1.63,155.77,present,200
CALL-00935,2026-05-01T16:47:52,ROUTE_DE_02,Germany-Fixed,answered,544,1.38,0.39,88.03,present,200
CALL-00936,2026-05-01T16:48:10,ROUTE_ES_05,Spain-Mobile,answered,570,3.66,1.77,87.63,present,200
CALL-00937,2026-05-01T16:48:28,ROUTE_UK_01,UK-Mobile,failed,0,2.38,2.8,82.41,present,503
CALL-00938,2026-05-01T16:48:46,ROUTE_UK_01,UK-Mobile,answered,568,8.09,2.09,148.71,present,200
CALL-00939,2026-05-01T16:49:04,ROUTE_FR_03,France-Mobile,answered,2,3.54,1.38,88.73,present,200
CALL-00940,2026-05-01T16:49:22,ROUTE_FR_03,France-Mobile,answered,326,3.08,1.21,94.08,present,200
CALL-00941,2026-05-01T16:49:40,ROUTE_FR_03,France-Mobile,busy,0,5.77,1.39,78.95,present,486
CALL-00942,2026-05-01T16:49:58,ROUTE_ES_05,Spain-Mobile,answered,137,3.59,1.44,105.2,present,200
CALL-00943,2026-05-01T16:50:16,ROUTE_UK_01,UK-Mobile,answered,552,5.68,2.63,83.93,present,200
CALL-00944,2026-05-01T16:50:34,ROUTE_ES_05,Spain-Mobile,no_answer,0,3.05,1.18,113.5,present,408
CALL-00945,2026-05-01T16:50:52,ROUTE_UK_01,UK-Mobile,answered,60,6.2,0.96,114.94,present,200
CALL-00946,2026-05-01T16:51:10,ROUTE_FR_03,France-Mobile,no_answer,0,4.09,0.55,115.28,present,408
CALL-00947,2026-05-01T16:51:28,ROUTE_UK_01,UK-Mobile,answered,449,6.13,1.39,179.43,present,200
CALL-00948,2026-05-01T16:51:46,ROUTE_UK_01,UK-Mobile,answered,359,4.36,1.15,107.27,present,200
CALL-00949,2026-05-01T16:52:04,ROUTE_IT_04,Italy-Fixed,busy,0,8.17,1.45,251.66,present,486
CALL-00950,2026-05-01T16:52:22,ROUTE_DE_02,Germany-Fixed,answered,109,2.51,0.75,41.88,present,200
CALL-00951,2026-05-01T16:52:40,ROUTE_UK_01,UK-Mobile,no_answer,0,6.53,2.99,84.19,present,408
CALL-00952,2026-05-01T16:52:58,ROUTE_IT_04,Italy-Fixed,answered,471,9.65,2.6,122.29,present,200
CALL-00953,2026-05-01T16:53:16,ROUTE_DE_02,Germany-Fixed,answered,247,3.97,0.58,70.87,missing,200
CALL-00954,2026-05-01T16:53:34,ROUTE_DE_02,Germany-Fixed,answered,575,1.35,0.16,40.94,missing,200
CALL-00955,2026-05-01T16:53:52,ROUTE_IT_04,Italy-Fixed,failed,0,10.93,2.48,215.43,missing,503
CALL-00956,2026-05-01T16:54:10,ROUTE_ES_05,Spain-Mobile,failed,0,2.01,0.23,50.01,missing,503
CALL-00957,2026-05-01T16:54:28,ROUTE_FR_03,France-Mobile,answered,185,6.51,2.06,116.61,present,200
CALL-00958,2026-05-01T16:54:46,ROUTE_FR_03,France-Mobile,answered,102,4.29,1.33,114.79,present,200
CALL-00959,2026-05-01T16:55:04,ROUTE_FR_03,France-Mobile,failed,0,3.48,0.56,89.36,present,503
CALL-00960,2026-05-01T16:55:22,ROUTE_UK_01,UK-Mobile,answered,389,4.87,2.37,140.58,present,200
CALL-00961,2026-05-01T16:55:40,ROUTE_FR_03,France-Mobile,answered,56,5.87,1.15,88.37,missing,200
CALL-00962,2026-05-01T16:55:58,ROUTE_DE_02,Germany-Fixed,answered,119,1.11,0.75,73.89,present,200
CALL-00963,2026-05-01T16:56:16,ROUTE_DE_02,Germany-Fixed,answered,311,3.4,0.52,66.94,present,200
CALL-00964,2026-05-01T16:56:34,ROUTE_DE_02,Germany-Fixed,answered,360,1.41,0.23,89.32,present,200
CALL-00965,2026-05-01T16:56:52,ROUTE_DE_02,Germany-Fixed,answered,558,3.2,0.05,56.87,present,200
CALL-00966,2026-05-01T16:57:10,ROUTE_UK_01,UK-Mobile,answered,422,5.57,2.16,91.87,present,200
CALL-00967,2026-05-01T16:57:28,ROUTE_DE_02,Germany-Fixed,no_answer,0,2.63,0.62,41.21,present,408
CALL-00968,2026-05-01T16:57:46,ROUTE_ES_05,Spain-Mobile,answered,153,3.68,1.64,81.29,present,200
CALL-00969,2026-05-01T16:58:04,ROUTE_IT_04,Italy-Fixed,answered,397,11.19,4.15,234.86,present,200
CALL-00970,2026-05-01T16:58:22,ROUTE_IT_04,Italy-Fixed,busy,0,11.57,3.43,244.15,present,486
CALL-00971,2026-05-01T16:58:40,ROUTE_DE_02,Germany-Fixed,answered,262,3.36,0.62,67.22,present,200
CALL-00972,2026-05-01T16:58:58,ROUTE_IT_04,Italy-Fixed,no_answer,0,8.33,3.63,249.26,present,408
CALL-00973,2026-05-01T16:59:16,ROUTE_IT_04,Italy-Fixed,no_answer,0,10.55,4.35,126.14,present,408
CALL-00974,2026-05-01T16:59:34,ROUTE_FR_03,France-Mobile,failed,0,3.16,1.03,68.93,present,503
CALL-00975,2026-05-01T16:59:52,ROUTE_ES_05,Spain-Mobile,answered,77,3.91,1.73,55.56,present,200
CALL-00976,2026-05-01T17:00:10,ROUTE_FR_03,France-Mobile,answered,237,6.29,1.71,130.24,present,200
CALL-00977,2026-05-01T17:00:28,ROUTE_ES_05,Spain-Mobile,answered,64,3.39,1.21,113.33,present,200
CALL-00978,2026-05-01T17:00:46,ROUTE_ES_05,Spain-Mobile,busy,0,3.73,0.8,102.08,missing,486
CALL-00979,2026-05-01T17:01:04,ROUTE_IT_04,Italy-Fixed,answered,3,9.75,2.3,150.18,present,200
CALL-00980,2026-05-01T17:01:22,ROUTE_DE_02,Germany-Fixed,answered,504,1.2,1.14,51.76,present,200
CALL-00981,2026-05-01T17:01:40,ROUTE_FR_03,France-Mobile,answered,584,3.19,1.68,88.62,present,200
CALL-00982,2026-05-01T17:01:58,ROUTE_IT_04,Italy-Fixed,failed,0,5.72,1.4,155.54,present,503
CALL-00983,2026-05-01T17:02:16,ROUTE_UK_01,UK-Mobile,answered,102,7.61,2.05,78.14,present,200
CALL-00984,2026-05-01T17:02:34,ROUTE_ES_05,Spain-Mobile,answered,557,2.88,1.48,49.37,present,200
CALL-00985,2026-05-01T17:02:52,ROUTE_IT_04,Italy-Fixed,busy,0,9.62,3.69,230.55,present,486
CALL-00986,2026-05-01T17:03:10,ROUTE_DE_02,Germany-Fixed,answered,570,1.41,0.3,86.57,present,200
CALL-00987,2026-05-01T17:03:28,ROUTE_DE_02,Germany-Fixed,answered,298,1.61,0.03,50.8,present,200
CALL-00988,2026-05-01T17:03:46,ROUTE_ES_05,Spain-Mobile,busy,0,2.28,1.09,61.48,present,486
CALL-00989,2026-05-01T17:04:04,ROUTE_FR_03,France-Mobile,answered,263,4.92,0.83,136.88,present,200
CALL-00990,2026-05-01T17:04:22,ROUTE_FR_03,France-Mobile,answered,474,6.44,1.21,131.63,present,200
CALL-00991,2026-05-01T17:04:40,ROUTE_DE_02,Germany-Fixed,answered,450,3.71,0.24,39.91,present,200
CALL-00992,2026-05-01T17:04:58,ROUTE_UK_01,UK-Mobile,failed,0,5.47,0.75,137.05,present,503
CALL-00993,2026-05-01T17:05:16,ROUTE_DE_02,Germany-Fixed,answered,568,1.53,1.16,59.37,present,200
CALL-00994,2026-05-01T17:05:34,ROUTE_ES_05,Spain-Mobile,answered,596,4.27,0.66,63.06,missing,200
CALL-00995,2026-05-01T17:05:52,ROUTE_UK_01,UK-Mobile,busy,0,8.2,1.86,175.9,present,486
CALL-00996,2026-05-01T17:06:10,ROUTE_FR_03,France-Mobile,answered,578,3.62,1.37,120.18,present,200
CALL-00997,2026-05-01T17:06:28,ROUTE_DE_02,Germany-Fixed,answered,300,2.38,1.13,58.0,present,200
CALL-00998,2026-05-01T17:06:46,ROUTE_UK_01,UK-Mobile,answered,400,7.59,0.25,177.56,present,200
CALL-00999,2026-05-01T17:07:04,ROUTE_FR_03,France-Mobile,answered,64,4.91,0.62,106.62,present,200
CALL-01000,2026-05-01T17:07:22,ROUTE_FR_03,France-Mobile,no_answer,0,3.76,1.69,76.33,missing,408
